name,id,subdivisionType,code,landSubdivisionName,idInDelineationFile,sourceRegionName,sourceRegionId,lowIllumination,percentCoverage,exportToSnowTodayWebsite,used,root,CRS,comment,countryType,sovereignCode,sovereignName,otherCodeForBigArea_adm0_A3,adm1Code,admGroupId,name2,id2,remarksForDeveloper,versionForProd,versionForIntegration
"Id: Unique id uint16 used in the stat files (<65535, (max('uint16')) ). Called snowtod_id in the shapefiles. NB: let value below field id to keep type integer when import into qgis. NB: Beware this 65535 pseudo id is used in code and then really mustnt be used as id.",0,"WARNING: Dont shift position 2 for id. Column used in bash script, keep at 2 position.","Unique code of the land subdivision in this configuration file and more generally for the full modis. For country, code adm0_A3 or iso3_code. For Provinces (States) code iso 3166-2. For hucx, huc code. For hydrosheds, pfaf_id",Part of the filename of the land subdivision group mask file,"id in the data of the land subdivision group file (mask). Should be unique in the file, but two subdivisions can have the same id if their mask is extracted from distinct files.","region from which the data are extracted for the stats. MUST be filled for used land subdivisions, otherwise the landsubdivision wont appear in lists","WARNING: Column used in bash script, keep at 8 position.",deprecated?,deprecated?,"deprecated. SnowToday website handle this property on their side, we export everything.","WARNING: Dont shift this column of position 12, is used in bash script. Meaning: 1: used in the website",1: upper-level Region in the website,"Coordinate reference system projection and code, e.g. EPSG:3875",comment line,"Maybe sovereign country, dependency, or indeterminate for Country. For Province, maybe State, Province, Region, District, etc ...\",Code of sovereign country. Sovereign de facto.,Name of sovereign country de facto.,,For Provinces only.,,Id: Unique id used in the stat files. Called snowtod_id in the shapefiles. NB: let value below field id to keep type integer when import into qgis,0,"change groupadm0 in filenames into adm0group Stupid things, AMAndeS versus ASHimalaya_ (without S, not very consistent)",Version of geotiffs and stats for production web-app. Necessary only for root subdivisions.,Version of geotiffs and stats for integration web-app. Necessary only for root subdivisions.
American Samoa,2241,adm0,ASM,,,,,,,,0,0,,,Dependency,US1,United States of America,,,,American Samoa,2241,,,
Guam,2242,adm0,GUM,,,,,,,,0,0,,,Dependency,US1,United States of America,,,,Guam,2242,,,
Northern Mariana Islands,2243,adm0,MNP,,,,,,,,0,0,,,Dependency,US1,United States of America,,,,Northern Mariana Islands,2243,,,
Puerto Rico,2244,adm0,PRI,,,,,,,,0,0,,,Dependency,US1,United States of America,,,,Puerto Rico,2244,,,
United States Minor Outlying Islands,2245,adm0,UMI,,,,,,,,0,0,,,Dependency,US1,United States of America,,,,United States Minor Outlying Islands,2245,,,
United States of America,2246,adm0,USA,,,,,,,,0,0,,,Country,US1,United States of America,,,,United States of America,2246,,,
United States Virgin Islands,2247,adm0,VIR,,,,,,,,0,0,,,Dependency,US1,United States of America,,,,United States Virgin Islands,2247,,,
,,,,,,,,,,,,,,,,,,,,,,,,,
,,,,,,,,,,,,,,,,,,,,,,,,,
Alaska,11721,adm1,US-AK,,,USAlaska,1,,,,1,0,,,State,US1,,USA,USA-3563,,Alaska,11721,,,
Alabama,11722,adm1,US-AL,,,,,,,,0,0,,,State,US1,,USA,USA-3541,,Alabama,11722,,,
Arkansas,11723,adm1,US-AR,,,,,,,,0,0,,,State,US1,,USA,USA-3528,,Arkansas,11723,,,
Arizona,11724,adm1,US-AZ,USWestStates,1,westernUS,5,0,1,1,2,0,,,State,US1,,USA,USA-3520,,Arizona,11724,,,
California,11725,adm1,US-CA,USWestStates,2,westernUS,5,0,0.999999999999999,1,2,0,,,State,US1,,USA,USA-3521,,California,11725,,,
Colorado,11726,adm1,US-CO,USWestStates,3,westernUS,5,0,0.950869533800203,1,2,0,,,State,US1,,USA,USA-3522,,Colorado,11726,,,
Connecticut,11727,adm1,US-CT,,,,,,,,0,0,,,State,US1,,USA,USA-3537,,Connecticut,11727,,,
District of Columbia,11728,adm1,US-DC,,,,,,,,0,0,,,Federal District,US1,,USA,USA-3556,,District of Columbia,11728,,,
Delaware,11729,adm1,US-DE,,,,,,,,0,0,,,State,US1,,USA,USA-3555,,Delaware,11729,,,
Florida,11730,adm1,US-FL,,,,,,,,0,0,,,State,US1,,USA,USA-3542,,Florida,11730,,,
Georgia,11731,adm1,US-GA,,,,,,,,0,0,,,State,US1,,USA,USA-3543,,Georgia,11731,,,
Hawaii,11732,adm1,US-HI,,,,,,,,0,0,,,State,US1,,USA,USA-3517,,Hawaii,11732,,,
Iowa,11733,adm1,US-IA,USWestStates,5,,,0,0.326631089263247,0,0,0,,,State,US1,,USA,USA-3529,,Iowa,11733,,,
Idaho,11734,adm1,US-ID,USWestStates,4,westernUS,5,1,0.999999999999996,1,2,0,,,State,US1,,USA,USA-3518,,Idaho,11734,,,
Illinois,11735,adm1,US-IL,,,,,,,,0,0,,,State,US1,,USA,USA-3546,,Illinois,11735,,,
Indiana,11736,adm1,US-IN,,,,,,,,0,0,,,State,US1,,USA,USA-3547,,Indiana,11736,,,
Kansas,11737,adm1,US-KS,USWestStates,6,,,0,0.0234091813316561,0,0,0,,,State,US1,,USA,USA-3530,,Kansas,11737,,,
Kentucky,11738,adm1,US-KY,,,,,,,,0,0,,,State,US1,,USA,USA-3548,,Kentucky,11738,,,
Louisiana,11739,adm1,US-LA,,,,,,,,0,0,,,State,US1,,USA,USA-3535,,Louisiana,11739,,,
Massachusetts,11740,adm1,US-MA,,,,,,,,0,0,,,State,US1,,USA,USA-3513,,Massachusetts,11740,,,
Maryland,11741,adm1,US-MD,,,,,,,,0,0,,,State,US1,,USA,USA-3557,,Maryland,11741,,,
Maine,11742,adm1,US-ME,,,,,,,,0,0,,,State,US1,,USA,USA-3561,,Maine,11742,,,
Michigan,11743,adm1,US-MI,,,,,,,,0,0,,,State,US1,,USA,USA-3562,,Michigan,11743,,,
Minnesota,11744,adm1,US-MN,,,,,,,,0,0,,,State,US1,,USA,USA-3514,,Minnesota,11744,,,
Missouri,11745,adm1,US-MO,USWestStates,7,,,0,0.117250224923234,0,0,0,,,State,US1,,USA,USA-3531,,Missouri,11745,,,
Mississippi,11746,adm1,US-MS,,,,,,,,0,0,,,State,US1,,USA,USA-3544,,Mississippi,11746,,,
Montana,11747,adm1,US-MT,USWestStates,8,westernUS,5,1,0.990178792121061,1,2,0,,,State,US1,,USA,USA-3515,,Montana,11747,,,
North Carolina,11748,adm1,US-NC,,,,,,,,0,0,,,State,US1,,USA,USA-3549,,North Carolina,11748,,,
North Dakota,11749,adm1,US-ND,USWestStates,12,,,0,0.0737285678691497,0,0,0,,,State,US1,,USA,USA-3516,,North Dakota,11749,,,
Nebraska,11750,adm1,US-NE,USWestStates,9,westernUS,5,0,1,1,2,0,,,State,US1,,USA,USA-3532,,Nebraska,11750,,,
New Hampshire,11751,adm1,US-NH,,,,,,,,0,0,,,State,US1,,USA,USA-3538,,New Hampshire,11751,,,
New Jersey,11752,adm1,US-NJ,,,,,,,,0,0,,,State,US1,,USA,USA-3558,,New Jersey,11752,,,
New Mexico,11753,adm1,US-NM,USWestStates,11,westernUS,5,0,1,1,2,0,,,State,US1,,USA,USA-3524,,New Mexico,11753,,,
Nevada,11754,adm1,US-NV,USWestStates,10,westernUS,5,0,1,1,2,0,,,State,US1,,USA,USA-3523,,Nevada,11754,,,
New York,11755,adm1,US-NY,,,,,,,,0,0,,,State,US1,,USA,USA-3559,,New York,11755,,,
Ohio,11756,adm1,US-OH,,,,,,,,0,0,,,State,US1,,USA,USA-3550,,Ohio,11756,,,
Oklahoma,11757,adm1,US-OK,USWestStates,13,,,0,0.333372832734701,0,0,0,,,State,US1,,USA,USA-3533,,Oklahoma,11757,,,
Oregon,11758,adm1,US-OR,USWestStates,14,westernUS,5,1,1,1,2,0,,,State,US1,,USA,USA-3525,,Oregon,11758,,,
Pennsylvania,11759,adm1,US-PA,,,,,,,,0,0,,,State,US1,,USA,USA-3560,,Pennsylvania,11759,,,
Rhode Island,11760,adm1,US-RI,,,,,,,,0,0,,,State,US1,,USA,USA-3539,,Rhode Island,11760,,,
South Carolina,11761,adm1,US-SC,,,,,,,,0,0,,,State,US1,,USA,USA-3545,,South Carolina,11761,,,
South Dakota,11762,adm1,US-SD,USWestStates,15,westernUS,5,0,0.847462605348807,1,2,0,,,State,US1,,USA,USA-3534,,South Dakota,11762,,,
Tennessee,11763,adm1,US-TN,,,,,,,,0,0,,,State,US1,,USA,USA-3551,,Tennessee,11763,,,
Texas,11764,adm1,US-TX,USWestStates,16,,,0,0.731803068779296,0,0,0,,,State,US1,,USA,USA-3536,,Texas,11764,,,
Utah,11765,adm1,US-UT,USWestStates,17,westernUS,5,0,1,1,2,0,,,State,US1,,USA,USA-3526,,Utah,11765,,,
Virginia,11766,adm1,US-VA,,,,,,,,0,0,,,State,US1,,USA,USA-3552,,Virginia,11766,,,
Vermont,11767,adm1,US-VT,,,,,,,,0,0,,,State,US1,,USA,USA-3540,,Vermont,11767,,,
Washington,11768,adm1,US-WA,USWestStates,18,westernUS,5,1,0.999999999999998,1,2,0,,,State,US1,,USA,USA-3519,,Washington,11768,,,
Wisconsin,11769,adm1,US-WI,,,,,,,,0,0,,,State,US1,,USA,USA-3553,,Wisconsin,11769,,,
West Virginia,11770,adm1,US-WV,,,,,,,,0,0,,,State,US1,,USA,USA-3554,,West Virginia,11770,,,
Wyoming,11771,adm1,US-WY,USWestStates,19,westernUS,5,0,1,1,2,0,,,State,US1,,USA,USA-3527,,Wyoming,11771,,,
,,,,,,,,,,,,,,,,,,,,,,,,,
New England,12500,huc2,HUC01,,,,,,,,0,0,,,,,,,,,New England,12500,,,
Mid Atlantic,12501,huc2,HUC02,,,,,,,,0,0,,,,,,,,,Mid Atlantic,12501,,,
South Atlantic-Gulf,12502,huc2,HUC03,,,,,,,,0,0,,,,,,,,,South Atlantic-Gulf,12502,,,
Great Lakes,12503,huc2,HUC04,,,,,,,,0,0,,,,,,,,,Great Lakes,12503,,,
Ohio,12504,huc2,HUC05,,,,,,,,0,0,,,,,,,,,Ohio,12504,,,
Tennessee,12505,huc2,HUC06,,,,,,,,0,0,,,,,,,,,Tennessee,12505,,,
Upper Mississippi,12506,huc2,HUC07,,,,,,,,0,0,,,,,,,,,Upper Mississippi,12506,,,
Lower Mississippi,12507,huc2,HUC08,,,,,,,,0,0,,,,,,,,,Lower Mississippi,12507,,,
Souris-Red-Rainy,12508,huc2,HUC09,,,,,,,,0,0,,,,,,,,,Souris-Red-Rainy,12508,,,
Missouri,12509,huc2,HUC10,USWestHuc2,8,westernUS,5,1,0.774577734802938,1,2,0,,,,,,,,,Missouri,12509,,,
Arkansas-White-Red,12510,huc2,HUC11,USWestHuc2,7,westernUS,5,0,0.453579286955075,1,2,0,,,,,,,,,Arkansas-White-Red,12510,,,
Texas-Gulf,12511,huc2,HUC12,USWestHuc2,6,,,0,0.682353098929289,0,0,0,,,,,,,,,Texas-Gulf,12511,,,
Rio Grande,12512,huc2,HUC13,USWestHuc2,5,westernUS,5,0,0.549606655439336,1,2,0,,,,,,,,,Rio Grande,12512,,,
Upper Colorado,12513,huc2,HUC14,USWestHuc2,4,westernUS,5,0,1,1,2,0,,,,,,,,,Upper Colorado,12513,,,
Lower Colorado,12514,huc2,HUC15,USWestHuc2,3,westernUS,5,0,0.999653100145241,1,2,0,,,,,,,,,Lower Colorado,12514,,,
Great Basin,12515,huc2,HUC16,USWestHuc2,2,westernUS,5,0,1,1,2,0,,,,,,,,,Great Basin,12515,,,
Pacific Northwest,12516,huc2,HUC17,USWestHuc2,1,westernUS,5,1,0.977645831003178,1,2,0,,,,,,,,,Pacific Northwest,12516,,,
California,12517,huc2,HUC18,USWestHuc2,9,westernUS,5,0,0.999990495596497,1,2,0,,,,,,,,,California,12517,,,
Alaska,12518,huc2,HUC19,,,USAlaska,1,,,,2,0,,,,,,,,,Alaska,12518,,,
Hawaii,12519,huc2,HUC20,,,,,,,,0,0,,,,,,,,,Hawaii,12519,,,
Caribbean,12520,huc2,HUC21,,,,,,,,0,0,,,,,,,,,Caribbean,12520,,,
South Pacific,12521,huc2,HUC22,,,,,,,,0,0,,,,,,,,,South Pacific,12521,,,
,,,,,,,,,,,,,,,,,,,,,,,,,
St. John,12600,huc4,HUC0101,,,,,,,,0,0,,,,,,,,,St. John,12600,,,
Penobscot,12601,huc4,HUC0102,,,,,,,,0,0,,,,,,,,,Penobscot,12601,,,
Kennebec,12602,huc4,HUC0103,,,,,,,,0,0,,,,,,,,,Kennebec,12602,,,
Androscoggin,12603,huc4,HUC0104,,,,,,,,0,0,,,,,,,,,Androscoggin,12603,,,
Maine Coastal,12604,huc4,HUC0105,,,,,,,,0,0,,,,,,,,,Maine Coastal,12604,,,
Saco,12605,huc4,HUC0106,,,,,,,,0,0,,,,,,,,,Saco,12605,,,
Merrimack,12606,huc4,HUC0107,,,,,,,,0,0,,,,,,,,,Merrimack,12606,,,
Connecticut,12607,huc4,HUC0108,,,,,,,,0,0,,,,,,,,,Connecticut,12607,,,
Massachusetts-Rhode Island Coastal,12608,huc4,HUC0109,,,,,,,,0,0,,,,,,,,,Massachusetts-Rhode Island Coastal,12608,,,
Connecticut Coastal,12609,huc4,HUC0110,,,,,,,,0,0,,,,,,,,,Connecticut Coastal,12609,,,
Upper Hudson,12610,huc4,HUC0202,,,,,,,,0,0,,,,,,,,,Upper Hudson,12610,,,
Lower Hudson-Long Island,12611,huc4,HUC0203,,,,,,,,0,0,,,,,,,,,Lower Hudson-Long Island,12611,,,
Delaware-Mid Atlantic Coastal,12612,huc4,HUC0204,,,,,,,,0,0,,,,,,,,,Delaware-Mid Atlantic Coastal,12612,,,
Susquehanna,12613,huc4,HUC0205,,,,,,,,0,0,,,,,,,,,Susquehanna,12613,,,
Upper Chesapeake,12614,huc4,HUC0206,,,,,,,,0,0,,,,,,,,,Upper Chesapeake,12614,,,
Potomac,12615,huc4,HUC0207,,,,,,,,0,0,,,,,,,,,Potomac,12615,,,
Lower Chesapeake,12616,huc4,HUC0208,,,,,,,,0,0,,,,,,,,,Lower Chesapeake,12616,,,
Chowan-Roanoke,12617,huc4,HUC0301,,,,,,,,0,0,,,,,,,,,Chowan-Roanoke,12617,,,
Neuse-Pamlico,12618,huc4,HUC0302,,,,,,,,0,0,,,,,,,,,Neuse-Pamlico,12618,,,
Cape Fear,12619,huc4,HUC0303,,,,,,,,0,0,,,,,,,,,Cape Fear,12619,,,
Pee Dee,12620,huc4,HUC0304,,,,,,,,0,0,,,,,,,,,Pee Dee,12620,,,
Edisto-Santee,12621,huc4,HUC0305,,,,,,,,0,0,,,,,,,,,Edisto-Santee,12621,,,
Ogeechee-Savannah,12622,huc4,HUC0306,,,,,,,,0,0,,,,,,,,,Ogeechee-Savannah,12622,,,
Altamaha-St. Marys,12623,huc4,HUC0307,,,,,,,,0,0,,,,,,,,,Altamaha-St. Marys,12623,,,
St. Johns,12624,huc4,HUC0308,,,,,,,,0,0,,,,,,,,,St. Johns,12624,,,
Southern Florida,12625,huc4,HUC0309,,,,,,,,0,0,,,,,,,,,Southern Florida,12625,,,
Peace-Tampa Bay,12626,huc4,HUC0310,,,,,,,,0,0,,,,,,,,,Peace-Tampa Bay,12626,,,
Suwannee,12627,huc4,HUC0311,,,,,,,,0,0,,,,,,,,,Suwannee,12627,,,
Ochlockonee,12628,huc4,HUC0312,,,,,,,,0,0,,,,,,,,,Ochlockonee,12628,,,
Apalachicola,12629,huc4,HUC0313,,,,,,,,0,0,,,,,,,,,Apalachicola,12629,,,
Choctawhatchee-Escambia,12630,huc4,HUC0314,,,,,,,,0,0,,,,,,,,,Choctawhatchee-Escambia,12630,,,
Alabama,12631,huc4,HUC0315,,,,,,,,0,0,,,,,,,,,Alabama,12631,,,
Mobile-Tombigbee,12632,huc4,HUC0316,,,,,,,,0,0,,,,,,,,,Mobile-Tombigbee,12632,,,
Pascagoula,12633,huc4,HUC0317,,,,,,,,0,0,,,,,,,,,Pascagoula,12633,,,
Pearl,12634,huc4,HUC0318,,,,,,,,0,0,,,,,,,,,Pearl,12634,,,
Western Lake Superior,12635,huc4,HUC0401,,,,,,,,0,0,,,,,,,,,Western Lake Superior,12635,,,
Southern Lake Superior-Lake Superior,12636,huc4,HUC0402,,,,,,,,0,0,,,,,,,,,Southern Lake Superior-Lake Superior,12636,,,
Northwestern Lake Michigan,12637,huc4,HUC0403,,,,,,,,0,0,,,,,,,,,Northwestern Lake Michigan,12637,,,
Southwestern Lake Michigan,12638,huc4,HUC0404,,,,,,,,0,0,,,,,,,,,Southwestern Lake Michigan,12638,,,
Southeastern Lake Michigan,12639,huc4,HUC0405,,,,,,,,0,0,,,,,,,,,Southeastern Lake Michigan,12639,,,
Northeastern Lake Michigan-Lake Michigan,12640,huc4,HUC0406,,,,,,,,0,0,,,,,,,,,Northeastern Lake Michigan-Lake Michigan,12640,,,
Northwestern Lake Huron,12641,huc4,HUC0407,,,,,,,,0,0,,,,,,,,,Northwestern Lake Huron,12641,,,
Southwestern Lake Huron-Lake Huron,12642,huc4,HUC0408,,,,,,,,0,0,,,,,,,,,Southwestern Lake Huron-Lake Huron,12642,,,
St. Clair-Detroit,12643,huc4,HUC0409,,,,,,,,0,0,,,,,,,,,St. Clair-Detroit,12643,,,
Western Lake Erie,12644,huc4,HUC0410,,,,,,,,0,0,,,,,,,,,Western Lake Erie,12644,,,
Southern Lake Erie,12645,huc4,HUC0411,,,,,,,,0,0,,,,,,,,,Southern Lake Erie,12645,,,
Lake Erie,12646,huc4,HUC0412,,,,,,,,0,0,,,,,,,,,Lake Erie,12646,,,
Southwestern Lake Ontario,12647,huc4,HUC0413,,,,,,,,0,0,,,,,,,,,Southwestern Lake Ontario,12647,,,
Southeastern Lake Ontario,12648,huc4,HUC0414,,,,,,,,0,0,,,,,,,,,Southeastern Lake Ontario,12648,,,
Northwestern Lake Superior,12649,huc4,HUC0416,,,,,,,,0,0,,,,,,,,,Northwestern Lake Superior,12649,,,
Northeastern Lake Superior,12650,huc4,HUC0417,,,,,,,,0,0,,,,,,,,,Northeastern Lake Superior,12650,,,
Lake Superior,12651,huc4,HUC0418,,,,,,,,0,0,,,,,,,,,Lake Superior,12651,,,
Lake Michigan,12652,huc4,HUC0419,,,,,,,,0,0,,,,,,,,,Lake Michigan,12652,,,
Northern Lake Huron,12653,huc4,HUC0420,,,,,,,,0,0,,,,,,,,,Northern Lake Huron,12653,,,
Wanipitai River-French River,12654,huc4,HUC0421,,,,,,,,0,0,,,,,,,,,Wanipitai River-French River,12654,,,
Eastern Georgia Bay,12655,huc4,HUC0422,,,,,,,,0,0,,,,,,,,,Eastern Georgia Bay,12655,,,
Eastern Lake Huron,12656,huc4,HUC0423,,,,,,,,0,0,,,,,,,,,Eastern Lake Huron,12656,,,
Lake Huron,12657,huc4,HUC0424,,,,,,,,0,0,,,,,,,,,Lake Huron,12657,,,
Northern Lake Erie,12658,huc4,HUC0425,,,,,,,,0,0,,,,,,,,,Northern Lake Erie,12658,,,
Lake Erie,12659,huc4,HUC0426,,,,,,,,0,0,,,,,,,,,Lake Erie,12659,,,
Lake Ontario and Niagara Peninsula,12660,huc4,HUC0427,,,,,,,,0,0,,,,,,,,,Lake Ontario and Niagara Peninsula,12660,,,
Lake Ontario,12661,huc4,HUC0428,,,,,,,,0,0,,,,,,,,,Lake Ontario,12661,,,
Upper Saint Lawrence River,12662,huc4,HUC0429,,,,,,,,0,0,,,,,,,,,Upper Saint Lawrence River,12662,,,
Middle Saint Lawrence River,12663,huc4,HUC0430,,,,,,,,0,0,,,,,,,,,Middle Saint Lawrence River,12663,,,
Lower Saint Lawrence River,12664,huc4,HUC0431,,,,,,,,0,0,,,,,,,,,Lower Saint Lawrence River,12664,,,
Mojikit Lake-Ogoki River,12665,huc4,HUC0432,,,,,,,,0,0,,,,,,,,,Mojikit Lake-Ogoki River,12665,,,
Long Lake-Kenogami River,12666,huc4,HUC0433,,,,,,,,0,0,,,,,,,,,Long Lake-Kenogami River,12666,,,
Allegheny,12667,huc4,HUC0501,,,,,,,,0,0,,,,,,,,,Allegheny,12667,,,
Monongahela,12668,huc4,HUC0502,,,,,,,,0,0,,,,,,,,,Monongahela,12668,,,
Upper Ohio,12669,huc4,HUC0503,,,,,,,,0,0,,,,,,,,,Upper Ohio,12669,,,
Muskingum,12670,huc4,HUC0504,,,,,,,,0,0,,,,,,,,,Muskingum,12670,,,
Kanawha,12671,huc4,HUC0505,,,,,,,,0,0,,,,,,,,,Kanawha,12671,,,
Scioto,12672,huc4,HUC0506,,,,,,,,0,0,,,,,,,,,Scioto,12672,,,
Big Sandy-Guyandotte,12673,huc4,HUC0507,,,,,,,,0,0,,,,,,,,,Big Sandy-Guyandotte,12673,,,
Great Miami,12674,huc4,HUC0508,,,,,,,,0,0,,,,,,,,,Great Miami,12674,,,
Middle Ohio,12675,huc4,HUC0509,,,,,,,,0,0,,,,,,,,,Middle Ohio,12675,,,
Kentucky-Licking,12676,huc4,HUC0510,,,,,,,,0,0,,,,,,,,,Kentucky-Licking,12676,,,
Green,12677,huc4,HUC0511,,,,,,,,0,0,,,,,,,,,Green,12677,,,
Wabash,12678,huc4,HUC0512,,,,,,,,0,0,,,,,,,,,Wabash,12678,,,
Cumberland,12679,huc4,HUC0513,,,,,,,,0,0,,,,,,,,,Cumberland,12679,,,
Lower Ohio,12680,huc4,HUC0514,,,,,,,,0,0,,,,,,,,,Lower Ohio,12680,,,
Upper Tennessee,12681,huc4,HUC0601,,,,,,,,0,0,,,,,,,,,Upper Tennessee,12681,,,
Middle Tennessee-Hiwassee,12682,huc4,HUC0602,,,,,,,,0,0,,,,,,,,,Middle Tennessee-Hiwassee,12682,,,
Middle Tennessee-Elk,12683,huc4,HUC0603,,,,,,,,0,0,,,,,,,,,Middle Tennessee-Elk,12683,,,
Lower Tennessee,12684,huc4,HUC0604,,,,,,,,0,0,,,,,,,,,Lower Tennessee,12684,,,
Mississippi Headwaters,12685,huc4,HUC0701,,,,,,,,0,0,,,,,,,,,Mississippi Headwaters,12685,,,
Minnesota,12686,huc4,HUC0702,,,,,,,,0,0,,,,,,,,,Minnesota,12686,,,
St. Croix,12687,huc4,HUC0703,,,,,,,,0,0,,,,,,,,,St. Croix,12687,,,
Upper Mississippi-Black-Root,12688,huc4,HUC0704,,,,,,,,0,0,,,,,,,,,Upper Mississippi-Black-Root,12688,,,
Chippewa,12689,huc4,HUC0705,,,,,,,,0,0,,,,,,,,,Chippewa,12689,,,
Upper Mississippi-Maquoketa-Plum,12690,huc4,HUC0706,,,,,,,,0,0,,,,,,,,,Upper Mississippi-Maquoketa-Plum,12690,,,
Wisconsin,12691,huc4,HUC0707,,,,,,,,0,0,,,,,,,,,Wisconsin,12691,,,
Upper Mississippi-Iowa-Skunk-Wapsipinicon,12692,huc4,HUC0708,,,,,,,,0,0,,,,,,,,,Upper Mississippi-Iowa-Skunk-Wapsipinicon,12692,,,
Rock,12693,huc4,HUC0709,,,,,,,,0,0,,,,,,,,,Rock,12693,,,
Des Moines,12694,huc4,HUC0710,,,,,,,,0,0,,,,,,,,,Des Moines,12694,,,
Upper Mississippi-Salt,12695,huc4,HUC0711,,,,,,,,0,0,,,,,,,,,Upper Mississippi-Salt,12695,,,
Upper Illinois,12696,huc4,HUC0712,,,,,,,,0,0,,,,,,,,,Upper Illinois,12696,,,
Lower Illinois,12697,huc4,HUC0713,,,,,,,,0,0,,,,,,,,,Lower Illinois,12697,,,
Upper Mississippi-Kaskaskia-Meramec,12698,huc4,HUC0714,,,,,,,,0,0,,,,,,,,,Upper Mississippi-Kaskaskia-Meramec,12698,,,
Lower Mississippi-Hatchie,12699,huc4,HUC0801,,,,,,,,0,0,,,,,,,,,Lower Mississippi-Hatchie,12699,,,
Lower Mississippi-St. Francis,12700,huc4,HUC0802,,,,,,,,0,0,,,,,,,,,Lower Mississippi-St. Francis,12700,,,
Lower Mississippi-Yazoo,12701,huc4,HUC0803,,,,,,,,0,0,,,,,,,,,Lower Mississippi-Yazoo,12701,,,
Lower Red-Ouachita,12702,huc4,HUC0804,,,,,,,,0,0,,,,,,,,,Lower Red-Ouachita,12702,,,
Boeuf-Tensas,12703,huc4,HUC0805,,,,,,,,0,0,,,,,,,,,Boeuf-Tensas,12703,,,
Lower Mississippi-Big Black,12704,huc4,HUC0806,,,,,,,,0,0,,,,,,,,,Lower Mississippi-Big Black,12704,,,
Lower Mississippi-Lake Maurepas,12705,huc4,HUC0807,,,,,,,,0,0,,,,,,,,,Lower Mississippi-Lake Maurepas,12705,,,
Louisiana Coastal,12706,huc4,HUC0808,,,,,,,,0,0,,,,,,,,,Louisiana Coastal,12706,,,
Lower Mississippi,12707,huc4,HUC0809,,,,,,,,0,0,,,,,,,,,Lower Mississippi,12707,,,
Souris,12708,huc4,HUC0901,,,,,,,,0,0,,,,,,,,,Souris,12708,,,
Red,12709,huc4,HUC0902,,,,,,,,0,0,,,,,,,,,Red,12709,,,
Rainy,12710,huc4,HUC0903,,,,,,,,0,0,,,,,,,,,Rainy,12710,,,
Saskatchewan River,12711,huc4,HUC0904,,,,,,,,0,0,,,,,,,,,Saskatchewan River,12711,,,
Missouri Headwaters,12712,huc4,HUC1002,USWestHuc4,95,westernUS,5,0,1,1,2,0,,,,,,,,,Missouri Headwaters,12712,,,
Missouri-Marias,12713,huc4,HUC1003,USWestHuc4,86,westernUS,5,0,1,1,2,0,,,,,,,,,Missouri-Marias,12713,,,
Missouri-Musselshell,12714,huc4,HUC1004,USWestHuc4,78,westernUS,5,0,1,1,2,0,,,,,,,,,Missouri-Musselshell,12714,,,
Milk,12715,huc4,HUC1005,USWestHuc4,72,westernUS,5,0,0.9943841511768,1,2,0,,,,,,,,,Milk,12715,,,
Missouri-Poplar,12716,huc4,HUC1006,USWestHuc4,96,westernUS,5,0,0.278020342510755,1,2,0,,,,,,,,,Missouri-Poplar,12716,,,
Upper Yellowstone,12717,huc4,HUC1007,USWestHuc4,90,westernUS,5,0,1,1,2,0,,,,,,,,,Upper Yellowstone,12717,,,
Big Horn,12718,huc4,HUC1008,USWestHuc4,91,westernUS,5,0,1,1,2,0,,,,,,,,,Big Horn,12718,,,
Powder-Tongue,12719,huc4,HUC1009,USWestHuc4,79,westernUS,5,0,1,1,2,0,,,,,,,,,Powder-Tongue,12719,,,
Lower Yellowstone,12720,huc4,HUC1010,USWestHuc4,87,westernUS,5,0,0.98362714992997,1,2,0,,,,,,,,,Lower Yellowstone,12720,,,
Missouri-Little Missouri,12721,huc4,HUC1011,USWestHuc4,97,westernUS,5,0,0.252376349040886,1,2,0,,,,,,,,,Missouri-Little Missouri,12721,,,
Cheyenne,12722,huc4,HUC1012,USWestHuc4,85,westernUS,5,0,0.999999999999997,1,2,0,,,,,,,,,Cheyenne,12722,,,
Missouri-Oahe,12723,huc4,HUC1013,USWestHuc4,88,westernUS,5,0,0.599490244638575,1,2,0,,,,,,,,,Missouri-Oahe,12723,,,
Missouri-White,12724,huc4,HUC1014,USWestHuc4,73,westernUS,5,0,1,1,2,0,,,,,,,,,Missouri-White,12724,,,
Niobrara,12725,huc4,HUC1015,USWestHuc4,84,westernUS,5,0,1,1,2,0,,,,,,,,,Niobrara,12725,,,
James,12726,huc4,HUC1016,USWestHuc4,89,westernUS,5,0,0.384169321470628,1,0,0,,,,,,,,,James,12726,set used to 0 because below elevation spires 20240607,,
Missouri-Big Sioux,12727,huc4,HUC1017,USWestHuc4,98,westernUS,5,0,0.417450499844557,1,0,0,,,,,,,,,Missouri-Big Sioux,12727,set used to 0 because below elevation spires 20240607,,
North Platte,12728,huc4,HUC1018,USWestHuc4,82,westernUS,5,0,1,1,2,0,,,,,,,,,North Platte,12728,,,
South Platte,12729,huc4,HUC1019,USWestHuc4,92,westernUS,5,0,0.929208189790583,1,2,0,,,,,,,,,South Platte,12729,,,
Platte,12730,huc4,HUC1020,USWestHuc4,75,westernUS,5,0,1,1,2,0,,,,,,,,,Platte,12730,,,
Loup,12731,huc4,HUC1021,USWestHuc4,76,westernUS,5,0,0.999999999999999,1,2,0,,,,,,,,,Loup,12731,,,
Elkhorn,12732,huc4,HUC1022,USWestHuc4,77,westernUS,5,0,1,1,2,0,,,,,,,,,Elkhorn,12732,,,
Missouri-Little Sioux,12733,huc4,HUC1023,USWestHuc4,81,westernUS,5,0,0.833162383260827,1,0,0,,,,,,,,,Missouri-Little Sioux,12733,set used to 0 because below elevation spires 20240607,,
Missouri-Nishnabotna,12734,huc4,HUC1024,USWestHuc4,94,westernUS,5,0,0.71737548548013,1,0,0,,,,,,,,,Missouri-Nishnabotna,12734,set used to 0 because below elevation spires 20240607,,
Republican,12735,huc4,HUC1025,USWestHuc4,83,westernUS,5,0,0.552566331011172,1,2,0,,,,,,,,,Republican,12735,,,
Smoky Hill,12736,huc4,HUC1026,USWestHuc4,80,westernUS,5,0,0.0000115,1,0,0,,,,,,,,,Smoky Hill,12736,set used to 0 because below shapefile is actually outside of tile (but curious because there is some historics…) 20240607,,
Kansas,12737,huc4,HUC1027,USWestHuc4,93,westernUS,5,0,0.455188396092128,1,0,0,,,,,,,,,Kansas,12737,set used to 0 because below elevation spires 20240607,,
Chariton-Grand,12738,huc4,HUC1028,USWestHuc4,74,westernUS,5,0,0.640705581775101,1,0,0,,,,,,,,,Chariton-Grand,12738,set used to 0 because below elevation spires 20240607,,
Gasconade-Osage,12739,huc4,HUC1029,,,,,,,,0,0,,,,,,,,,Gasconade-Osage,12739,,,
Lower Missouri,12740,huc4,HUC1030,,,,,,,,0,0,,,,,,,,,Lower Missouri,12740,,,
Upper White,12741,huc4,HUC1101,,,,,,,,0,0,,,,,,,,,Upper White,12741,,,
Upper Arkansas,12742,huc4,HUC1102,USWestHuc4,64,westernUS,5,0,0.998667366241909,1,2,0,,,,,,,,,Upper Arkansas,12742,,,
Middle Arkansas,12743,huc4,HUC1103,USWestHuc4,65,westernUS,5,0,0.0221739856637639,1,2,0,,,,,,,,,Middle Arkansas,12743,,,
Upper Cimarron,12744,huc4,HUC1104,USWestHuc4,70,westernUS,5,0,0.782589725243015,1,2,0,,,,,,,,,Upper Cimarron,12744,,,
Lower Cimarron,12745,huc4,HUC1105,,,,,,,,0,0,,,,,,,,,Lower Cimarron,12745,,,
Arkansas-Keystone,12746,huc4,HUC1106,,,,,,,,0,0,,,,,,,,,Arkansas-Keystone,12746,,,
Neosho-Verdigris,12747,huc4,HUC1107,,,,,,,,0,0,,,,,,,,,Neosho-Verdigris,12747,,,
Upper Canadian,12748,huc4,HUC1108,USWestHuc4,69,westernUS,5,0,1,1,2,0,,,,,,,,,Upper Canadian,12748,,,
Lower Canadian,12749,huc4,HUC1109,USWestHuc4,68,westernUS,5,0,0.800873776660921,1,2,0,,,,,,,,,Lower Canadian,12749,,,
North Canadian,12750,huc4,HUC1110,USWestHuc4,71,westernUS,5,0,0.709283206981022,1,2,0,,,,,,,,,North Canadian,12750,,,
Lower Arkansas,12751,huc4,HUC1111,,,,,,,,0,0,,,,,,,,,Lower Arkansas,12751,,,
Red Headwaters,12752,huc4,HUC1112,USWestHuc4,66,westernUS,5,0,1,1,0,0,,,,,,,,,Red Headwaters,12752,set used to 0 because below elevation spires 20240607,,
Red-Washita,12753,huc4,HUC1113,USWestHuc4,67,westernUS,5,0,0.968590693333782,1,0,0,,,,,,,,,Red-Washita,12753,set used to 0 because below elevation spires 20240607,,
Red-Sulphur,12754,huc4,HUC1114,,,,,,,,0,0,,,,,,,,,Red-Sulphur,12754,,,
Sabine,12755,huc4,HUC1201,USWestHuc4,55,,,0,0.64774730075088,1,0,0,,,,,,,,,Sabine,12755,,,
Neches,12756,huc4,HUC1202,USWestHuc4,54,,,0,0.998448562839867,1,0,0,,,,,,,,,Neches,12756,,,
Trinity,12757,huc4,HUC1203,USWestHuc4,62,,,0,0.983249554902247,1,0,0,,,,,,,,,Trinity,12757,,,
Galveston Bay-San Jacinto,12758,huc4,HUC1204,USWestHuc4,58,,,0,0.391106926019016,1,0,0,,,,,,,,,Galveston Bay-San Jacinto,12758,,,
Brazos Headwaters,12759,huc4,HUC1205,USWestHuc4,63,,,0,1,1,0,0,,,,,,,,,Brazos Headwaters,12759,,,
Middle Brazos,12760,huc4,HUC1206,USWestHuc4,60,,,0,1,1,0,0,,,,,,,,,Middle Brazos,12760,,,
Lower Brazos,12761,huc4,HUC1207,USWestHuc4,57,,,0,0.882040437984394,1,0,0,,,,,,,,,Lower Brazos,12761,,,
Upper Colorado,12762,huc4,HUC1208,USWestHuc4,61,,,0,1,1,0,0,,,,,,,,,Upper Colorado,12762,,,
Lower Colorado-San Bernard Coastal,12763,huc4,HUC1209,USWestHuc4,56,,,0,0.881955412679457,1,0,0,,,,,,,,,Lower Colorado-San Bernard Coastal,12763,,,
Central Texas Coastal,12764,huc4,HUC1210,USWestHuc4,59,,,0,0.0597260162967062,1,0,0,,,,,,,,,Central Texas Coastal,12764,,,
Nueces-Southwestern Texas Coastal,12765,huc4,HUC1211,USWestHuc4,53,,,0,0.0060335848280396,1,0,0,,,,,,,,,Nueces-Southwestern Texas Coastal,12765,,,
Rio Grande Headwaters,12766,huc4,HUC1301,USWestHuc4,48,westernUS,5,0,1,1,2,0,,,,,,,,,Rio Grande Headwaters,12766,,,
Rio Grande-Elephant Butte,12767,huc4,HUC1302,USWestHuc4,49,westernUS,5,0,1,1,2,0,,,,,,,,,Rio Grande-Elephant Butte,12767,,,
Rio Grande-Mimbres,12768,huc4,HUC1303,USWestHuc4,50,westernUS,5,0,1,1,2,0,,,,,,,,,Rio Grande-Mimbres,12768,,,
Rio Grande-Amistad,12769,huc4,HUC1304,USWestHuc4,47,westernUS,5,0,0.413709409840809,1,2,0,,,,,,,,,Rio Grande-Amistad,12769,,,
Rio Grande Closed Basins,12770,huc4,HUC1305,USWestHuc4,52,westernUS,5,0,0.999999999999999,1,2,0,,,,,,,,,Rio Grande Closed Basins,12770,,,
Upper Pecos,12771,huc4,HUC1306,USWestHuc4,51,westernUS,5,0,0.999999999999999,1,2,0,,,,,,,,,Upper Pecos,12771,,,
Lower Pecos,12772,huc4,HUC1307,USWestHuc4,45,westernUS,5,0,0.976902215643762,1,2,0,,,,,,,,,Lower Pecos,12772,,,
Rio Grande-Falcon,12773,huc4,HUC1308,,,,,,,,0,0,,,,,,,,,Rio Grande-Falcon,12773,,,
Lower Rio Grande,12774,huc4,HUC1309,,,,,,,,0,0,,,,,,,,,Lower Rio Grande,12774,,,
Rio Conchos,12775,huc4,HUC1310,USWestHuc4,46,westernUS,5,0,0,1,0,0,,,,,,,,,Rio Conchos,12775,SHAPEFILE INEXISTENT…,,
Rio Salado,12776,huc4,HUC1311,,,,,,,,0,0,,,,,,,,,Rio Salado,12776,,,
Rio San Juan,12777,huc4,HUC1312,,,,,,,,0,0,,,,,,,,,Rio San Juan,12777,,,
Colorado Headwaters,12778,huc4,HUC1401,USWestHuc4,38,westernUS,5,0,0.999999999999999,1,2,0,,,,,,,,,Colorado Headwaters,12778,,,
Gunnison,12779,huc4,HUC1402,USWestHuc4,39,westernUS,5,0,0.999999999999999,1,2,0,,,,,,,,,Gunnison,12779,,,
Upper Colorado-Dolores,12780,huc4,HUC1403,USWestHuc4,41,westernUS,5,0,1,1,2,0,,,,,,,,,Upper Colorado-Dolores,12780,,,
Great Divide-Upper Green,12781,huc4,HUC1404,USWestHuc4,44,westernUS,5,0,1,1,2,0,,,,,,,,,Great Divide-Upper Green,12781,,,
White-Yampa,12782,huc4,HUC1405,USWestHuc4,42,westernUS,5,0,0.999999999999999,1,2,0,,,,,,,,,White-Yampa,12782,,,
Lower Green,12783,huc4,HUC1406,USWestHuc4,37,westernUS,5,0,1,1,2,0,,,,,,,,,Lower Green,12783,,,
Upper Colorado-Dirty Devil,12784,huc4,HUC1407,USWestHuc4,40,westernUS,5,0,1,1,2,0,,,,,,,,,Upper Colorado-Dirty Devil,12784,,,
San Juan,12785,huc4,HUC1408,USWestHuc4,43,westernUS,5,0,0.999999999999999,1,2,0,,,,,,,,,San Juan,12785,,,
Lower Colorado-Lake Mead,12786,huc4,HUC1501,USWestHuc4,35,westernUS,5,0,1,1,2,0,,,,,,,,,Lower Colorado-Lake Mead,12786,,,
Little Colorado,12787,huc4,HUC1502,USWestHuc4,34,westernUS,5,0,1,1,2,0,,,,,,,,,Little Colorado,12787,,,
Lower Colorado,12788,huc4,HUC1503,USWestHuc4,30,westernUS,5,0,1,1,2,0,,,,,,,,,Lower Colorado,12788,,,
Upper Gila,12789,huc4,HUC1504,USWestHuc4,36,westernUS,5,0,1,1,2,0,,,,,,,,,Upper Gila,12789,,,
Middle Gila,12790,huc4,HUC1505,USWestHuc4,32,westernUS,5,0,0.999999999999999,1,2,0,,,,,,,,,Middle Gila,12790,,,
Salt,12791,huc4,HUC1506,USWestHuc4,31,westernUS,5,0,1,1,2,0,,,,,,,,,Salt,12791,,,
Lower Gila,12792,huc4,HUC1507,USWestHuc4,29,westernUS,5,0,1,1,2,0,,,,,,,,,Lower Gila,12792,,,
Sonora,12793,huc4,HUC1508,USWestHuc4,33,westernUS,5,0,0.995113947723316,1,2,0,,,,,,,,,Sonora,12793,,,
Bear,12794,huc4,HUC1601,USWestHuc4,27,westernUS,5,0,1,1,2,0,,,,,,,,,Bear,12794,,,
Great Salt Lake,12795,huc4,HUC1602,USWestHuc4,26,westernUS,5,0,1,1,2,0,,,,,,,,,Great Salt Lake,12795,,,
Escalante Desert-Sevier Lake,12796,huc4,HUC1603,USWestHuc4,28,westernUS,5,0,1,1,2,0,,,,,,,,,Escalante Desert-Sevier Lake,12796,,,
Black Rock Desert-Humboldt,12797,huc4,HUC1604,USWestHuc4,23,westernUS,5,0,1,1,2,0,,,,,,,,,Black Rock Desert-Humboldt,12797,,,
Central Lahontan,12798,huc4,HUC1605,USWestHuc4,25,westernUS,5,0,0.999999999999999,1,2,0,,,,,,,,,Central Lahontan,12798,,,
Central Nevada Desert Basins,12799,huc4,HUC1606,USWestHuc4,24,westernUS,5,0,1,1,2,0,,,,,,,,,Central Nevada Desert Basins,12799,,,
Kootenai-Pend Oreille-Spokane,12800,huc4,HUC1701,USWestHuc4,17,westernUS,5,0,0.946984711920643,1,2,0,,,,,,,,,Kootenai-Pend Oreille-Spokane,12800,,,
Upper Columbia,12801,huc4,HUC1702,USWestHuc4,11,westernUS,5,0,0.752714070599325,1,2,0,,,,,,,,,Upper Columbia,12801,,,
Yakima,12802,huc4,HUC1703,USWestHuc4,13,westernUS,5,0,0.999999999999999,1,2,0,,,,,,,,,Yakima,12802,,,
Upper Snake,12803,huc4,HUC1704,USWestHuc4,18,westernUS,5,0,1,1,2,0,,,,,,,,,Upper Snake,12803,,,
Middle Snake,12804,huc4,HUC1705,USWestHuc4,15,westernUS,5,0,1,1,2,0,,,,,,,,,Middle Snake,12804,,,
Lower Snake,12805,huc4,HUC1706,USWestHuc4,14,westernUS,5,0,0.999999999999999,1,2,0,,,,,,,,,Lower Snake,12805,,,
Middle Columbia,12806,huc4,HUC1707,USWestHuc4,20,westernUS,5,0,0.999999999999996,1,2,0,,,,,,,,,Middle Columbia,12806,,,
Lower Columbia,12807,huc4,HUC1708,USWestHuc4,21,westernUS,5,0,1,1,2,0,,,,,,,,,Lower Columbia,12807,,,
Willamette,12808,huc4,HUC1709,USWestHuc4,22,westernUS,5,0,1,1,2,0,,,,,,,,,Willamette,12808,,,
Oregon-Washington Coastal,12809,huc4,HUC1710,USWestHuc4,16,westernUS,5,0,1,1,2,0,,,,,,,,,Oregon-Washington Coastal,12809,,,
Puget Sound,12810,huc4,HUC1711,USWestHuc4,12,westernUS,5,0,1,1,2,0,,,,,,,,,Puget Sound,12810,,,
Oregon Closed Basins,12811,huc4,HUC1712,USWestHuc4,19,westernUS,5,0,0.999999999999999,1,2,0,,,,,,,,,Oregon Closed Basins,12811,,,
Klamath-Northern California Coastal,12812,huc4,HUC1801,USWestHuc4,10,westernUS,5,0,0.999999999999997,1,2,0,,,,,,,,,Klamath-Northern California Coastal,12812,,,
Sacramento,12813,huc4,HUC1802,USWestHuc4,6,westernUS,5,0,1,1,2,0,,,,,,,,,Sacramento,12813,,,
Tulare-Buena Vista Lakes,12814,huc4,HUC1803,USWestHuc4,9,westernUS,5,0,1,1,2,0,,,,,,,,,Tulare-Buena Vista Lakes,12814,,,
San Joaquin,12815,huc4,HUC1804,USWestHuc4,8,westernUS,5,0,0.999999999999999,1,2,0,,,,,,,,,San Joaquin,12815,,,
San Francisco Bay,12816,huc4,HUC1805,USWestHuc4,4,westernUS,5,0,0.999999999999999,1,0,0,,,,,,,,,San Francisco Bay,12816,,,
Central California Coastal,12817,huc4,HUC1806,USWestHuc4,1,westernUS,5,0,0.999999999999999,1,2,0,,,,,,,,,Central California Coastal,12817,,,
Southern California Coastal,12818,huc4,HUC1807,USWestHuc4,2,westernUS,5,0,0.999684334021525,1,2,0,,,,,,,,,Southern California Coastal,12818,,,
North Lahontan,12819,huc4,HUC1808,USWestHuc4,7,westernUS,5,0,1,1,2,0,,,,,,,,,North Lahontan,12819,,,
Northern Mojave-Mono Lake,12820,huc4,HUC1809,USWestHuc4,3,westernUS,5,0,0.999999999999999,1,2,0,,,,,,,,,Northern Mojave-Mono Lake,12820,,,
Southern Mojave-Salton Sea,12821,huc4,HUC1810,USWestHuc4,5,westernUS,5,0,1,1,2,0,,,,,,,,,Southern Mojave-Salton Sea,12821,,,
Southeast Alaska,12822,huc4,HUC1901,,,USAlaska,1,,,,1,0,,,,,,,,,Southeast Alaska,12822,,,
South Central Alaska,12823,huc4,HUC1902,,,USAlaska,1,,,,1,0,,,,,,,,,South Central Alaska,12823,,,
Southwest Alaska,12824,huc4,HUC1903,,,USAlaska,1,,,,1,0,,,,,,,,,Southwest Alaska,12824,,,
Northwest Alaska,12825,huc4,HUC1905,,,USAlaska,1,,,,2,0,,,,,,,,,Northwest Alaska,12825,,,
Arctic Alaska,12826,huc4,HUC1906,,,USAlaska,1,,,,1,0,,,,,,,,,Arctic Alaska,12826,,,
Upper Yukon River,12827,huc4,HUC1907,,,USAlaska,1,,,,1,0,,,,,,,,,Upper Yukon River,12827,,,
Middle Yukon River,12828,huc4,HUC1908,,,USAlaska,1,,,,1,0,,,,,,,,,Middle Yukon River,12828,,,
Lower Yukon River,12829,huc4,HUC1909,,,USAlaska,1,,,,1,0,,,,,,,,,Lower Yukon River,12829,,,
Hawaii,12830,huc4,HUC2001,,,,,,,,0,0,,,,,,,,,Hawaii,12830,,,
Maui,12831,huc4,HUC2002,,,,,,,,0,0,,,,,,,,,Maui,12831,,,
Kahoolawe,12832,huc4,HUC2003,,,,,,,,0,0,,,,,,,,,Kahoolawe,12832,,,
Lanai,12833,huc4,HUC2004,,,,,,,,0,0,,,,,,,,,Lanai,12833,,,
Molokai,12834,huc4,HUC2005,,,,,,,,0,0,,,,,,,,,Molokai,12834,,,
Oahu,12835,huc4,HUC2006,,,,,,,,0,0,,,,,,,,,Oahu,12835,,,
Kauai,12836,huc4,HUC2007,,,,,,,,0,0,,,,,,,,,Kauai,12836,,,
Niihau,12837,huc4,HUC2008,,,,,,,,0,0,,,,,,,,,Niihau,12837,,,
Northwestern Hawaiian Islands,12838,huc4,HUC2009,,,,,,,,0,0,,,,,,,,,Northwestern Hawaiian Islands,12838,,,
Puerto Rico,12839,huc4,HUC2101,,,,,,,,0,0,,,,,,,,,Puerto Rico,12839,,,
Virgin Islands,12840,huc4,HUC2102,,,,,,,,0,0,,,,,,,,,Virgin Islands,12840,,,
Guam,12841,huc4,HUC2201,,,,,,,,0,0,,,,,,,,,Guam,12841,,,
Northern Mariana Islands,12842,huc4,HUC2202,,,,,,,,0,0,,,,,,,,,Northern Mariana Islands,12842,,,
American Samoa,12843,huc4,HUC2203,,,,,,,,0,0,,,,,,,,,American Samoa,12843,,,
United States Minor Outlying Islands,12844,huc4,HUC2204,,,,,,,,0,0,,,,,,,,,United States Minor Outlying Islands,12844,,,
,,,,,,,,,,,,,,,,,,,,,,,,,
Kennebec,13000,huc6,HUC010300,,,,,,,,0,0,,,,,,,,,Kennebec,13000,,,
Upper Connecticut,13001,huc6,HUC010801,,,,,,,,0,0,,,,,,,,,Upper Connecticut,13001,,,
Massachusetts-Rhode Island Coastal,13002,huc6,HUC010900,,,,,,,,0,0,,,,,,,,,Massachusetts-Rhode Island Coastal,13002,,,
Merrimack,13003,huc6,HUC010700,,,,,,,,0,0,,,,,,,,,Merrimack,13003,,,
St. John,13004,huc6,HUC010100,,,,,,,,0,0,,,,,,,,,St. John,13004,,,
Connecticut Coastal,13005,huc6,HUC011000,,,,,,,,0,0,,,,,,,,,Connecticut Coastal,13005,,,
Lower Connecticut,13006,huc6,HUC010802,,,,,,,,0,0,,,,,,,,,Lower Connecticut,13006,,,
Penobscot,13007,huc6,HUC010200,,,,,,,,0,0,,,,,,,,,Penobscot,13007,,,
Androscoggin,13008,huc6,HUC010400,,,,,,,,0,0,,,,,,,,,Androscoggin,13008,,,
Maine Coastal,13009,huc6,HUC010500,,,,,,,,0,0,,,,,,,,,Maine Coastal,13009,,,
Saco,13010,huc6,HUC010600,,,,,,,,0,0,,,,,,,,,Saco,13010,,,
Potomac,13011,huc6,HUC020700,,,,,,,,0,0,,,,,,,,,Potomac,13011,,,
Mid Atlantic Coastal,13012,huc6,HUC020403,,,,,,,,0,0,,,,,,,,,Mid Atlantic Coastal,13012,,,
West Branch Susquehanna,13013,huc6,HUC020502,,,,,,,,0,0,,,,,,,,,West Branch Susquehanna,13013,,,
Upper Delaware,13014,huc6,HUC020401,,,,,,,,0,0,,,,,,,,,Upper Delaware,13014,,,
Lower Hudson,13015,huc6,HUC020301,,,,,,,,0,0,,,,,,,,,Lower Hudson,13015,,,
Upper Hudson,13016,huc6,HUC020200,,,,,,,,0,0,,,,,,,,,Upper Hudson,13016,,,
Lower Chesapeake,13017,huc6,HUC020801,,,,,,,,0,0,,,,,,,,,Lower Chesapeake,13017,,,
James,13018,huc6,HUC020802,,,,,,,,0,0,,,,,,,,,James,13018,,,
Upper Chesapeake,13019,huc6,HUC020600,,,,,,,,0,0,,,,,,,,,Upper Chesapeake,13019,,,
Lower Delaware,13020,huc6,HUC020402,,,,,,,,0,0,,,,,,,,,Lower Delaware,13020,,,
Lower Susquehanna,13021,huc6,HUC020503,,,,,,,,0,0,,,,,,,,,Lower Susquehanna,13021,,,
Upper Susquehanna,13022,huc6,HUC020501,,,,,,,,0,0,,,,,,,,,Upper Susquehanna,13022,,,
Long Island,13023,huc6,HUC020302,,,,,,,,0,0,,,,,,,,,Long Island,13023,,,
Ochlockonee,13024,huc6,HUC031200,,,,,,,,0,0,,,,,,,,,Ochlockonee,13024,,,
Pamlico,13025,huc6,HUC030201,,,,,,,,0,0,,,,,,,,,Pamlico,13025,,,
Neuse,13026,huc6,HUC030202,,,,,,,,0,0,,,,,,,,,Neuse,13026,,,
Escambia,13027,huc6,HUC031403,,,,,,,,0,0,,,,,,,,,Escambia,13027,,,
Roanoke,13028,huc6,HUC030101,,,,,,,,0,0,,,,,,,,,Roanoke,13028,,,
Coosa-Tallapoosa,13029,huc6,HUC031501,,,,,,,,0,0,,,,,,,,,Coosa-Tallapoosa,13029,,,
East Florida Coastal,13030,huc6,HUC030802,,,,,,,,0,0,,,,,,,,,East Florida Coastal,13030,,,
St. Johns,13031,huc6,HUC030801,,,,,,,,0,0,,,,,,,,,St. Johns,13031,,,
Tampa Bay,13032,huc6,HUC031002,,,,,,,,0,0,,,,,,,,,Tampa Bay,13032,,,
Upper Pee Dee,13033,huc6,HUC030401,,,,,,,,0,0,,,,,,,,,Upper Pee Dee,13033,,,
St. Marys-Satilla,13034,huc6,HUC030702,,,,,,,,0,0,,,,,,,,,St. Marys-Satilla,13034,,,
Alabama,13035,huc6,HUC031502,,,,,,,,0,0,,,,,,,,,Alabama,13035,,,
Suwannee,13036,huc6,HUC031102,,,,,,,,0,0,,,,,,,,,Suwannee,13036,,,
Southern Florida,13037,huc6,HUC030902,,,,,,,,0,0,,,,,,,,,Southern Florida,13037,,,
Ogeechee,13038,huc6,HUC030602,,,,,,,,0,0,,,,,,,,,Ogeechee,13038,,,
Cape Fear,13039,huc6,HUC030300,,,,,,,,0,0,,,,,,,,,Cape Fear,13039,,,
Peace,13040,huc6,HUC031001,,,,,,,,0,0,,,,,,,,,Peace,13040,,,
Santee,13041,huc6,HUC030501,,,,,,,,0,0,,,,,,,,,Santee,13041,,,
Altamaha,13042,huc6,HUC030701,,,,,,,,0,0,,,,,,,,,Altamaha,13042,,,
Edisto-South Carolina Coastal,13043,huc6,HUC030502,,,,,,,,0,0,,,,,,,,,Edisto-South Carolina Coastal,13043,,,
Savannah,13044,huc6,HUC030601,,,,,,,,0,0,,,,,,,,,Savannah,13044,,,
Kissimmee,13045,huc6,HUC030901,,,,,,,,0,0,,,,,,,,,Kissimmee,13045,,,
Choctawhatchee,13046,huc6,HUC031402,,,,,,,,0,0,,,,,,,,,Choctawhatchee,13046,,,
Albemarle-Chowan,13047,huc6,HUC030102,,,,,,,,0,0,,,,,,,,,Albemarle-Chowan,13047,,,
Pearl,13048,huc6,HUC031800,,,,,,,,0,0,,,,,,,,,Pearl,13048,,,
Apalachicola,13049,huc6,HUC031300,,,,,,,,0,0,,,,,,,,,Apalachicola,13049,,,
Florida Panhandle Coastal,13050,huc6,HUC031401,,,,,,,,0,0,,,,,,,,,Florida Panhandle Coastal,13050,,,
Mobile Bay-Tombigbee,13051,huc6,HUC031602,,,,,,,,0,0,,,,,,,,,Mobile Bay-Tombigbee,13051,,,
Aucilla-Waccasassa,13052,huc6,HUC031101,,,,,,,,0,0,,,,,,,,,Aucilla-Waccasassa,13052,,,
Pascagoula,13053,huc6,HUC031700,,,,,,,,0,0,,,,,,,,,Pascagoula,13053,,,
Lower Pee Dee,13054,huc6,HUC030402,,,,,,,,0,0,,,,,,,,,Lower Pee Dee,13054,,,
Onslow Bay,13055,huc6,HUC030203,,,,,,,,0,0,,,,,,,,,Onslow Bay,13055,,,
Black Warrior-Tombigbee,13056,huc6,HUC031601,,,,,,,,0,0,,,,,,,,,Black Warrior-Tombigbee,13056,,,
Northwestern Lake Huron,13057,huc6,HUC040700,,,,,,,,0,0,,,,,,,,,Northwestern Lake Huron,13057,,,
Southcentral Lake Superior,13058,huc6,HUC040201,,,,,,,,0,0,,,,,,,,,Southcentral Lake Superior,13058,,,
Southwestern Lake Michigan,13059,huc6,HUC040400,,,,,,,,0,0,,,,,,,,,Southwestern Lake Michigan,13059,,,
Wanipitai River-French River,13060,huc6,HUC042100,,,,,,,,0,0,,,,,,,,,Wanipitai River-French River,13060,,,
Northwestern Lake Superior,13061,huc6,HUC041600,,,,,,,,0,0,,,,,,,,,Northwestern Lake Superior,13061,,,
Southeastern Lake Superior,13062,huc6,HUC040202,,,,,,,,0,0,,,,,,,,,Southeastern Lake Superior,13062,,,
Southwestern Lake Superior,13063,huc6,HUC040103,,,,,,,,0,0,,,,,,,,,Southwestern Lake Superior,13063,,,
St. Louis,13064,huc6,HUC040102,,,,,,,,0,0,,,,,,,,,St. Louis,13064,,,
Fox,13065,huc6,HUC040302,,,,,,,,0,0,,,,,,,,,Fox,13065,,,
Long Lake-Kenogami River,13066,huc6,HUC043300,,,,,,,,0,0,,,,,,,,,Long Lake-Kenogami River,13066,,,
Saint Francois River-Saint Lawrence River,13067,huc6,HUC043002,,,,,,,,0,0,,,,,,,,,Saint Francois River-Saint Lawrence River,13067,,,
Chaudiere River,13068,huc6,HUC043100,,,,,,,,0,0,,,,,,,,,Chaudiere River,13068,,,
Northwestern Lake Michigan,13069,huc6,HUC040301,,,,,,,,0,0,,,,,,,,,Northwestern Lake Michigan,13069,,,
Northeastern Lake Michigan,13070,huc6,HUC040601,,,,,,,,0,0,,,,,,,,,Northeastern Lake Michigan,13070,,,
Southwestern Lake Huron,13071,huc6,HUC040801,,,,,,,,0,0,,,,,,,,,Southwestern Lake Huron,13071,,,
Saginaw,13072,huc6,HUC040802,,,,,,,,0,0,,,,,,,,,Saginaw,13072,,,
St. Clair-Detroit,13073,huc6,HUC040900,,,,,,,,0,0,,,,,,,,,St. Clair-Detroit,13073,,,
Northwestern Lake Superior,13074,huc6,HUC040101,,,,,,,,0,0,,,,,,,,,Northwestern Lake Superior,13074,,,
Northeastern Lake Ontario,13075,huc6,HUC041403,,,,,,,,0,0,,,,,,,,,Northeastern Lake Ontario,13075,,,
Eastern Lake Erie,13076,huc6,HUC041201,,,,,,,,0,0,,,,,,,,,Eastern Lake Erie,13076,,,
Mojikit Lake-Ogoki River,13077,huc6,HUC043200,,,,,,,,0,0,,,,,,,,,Mojikit Lake-Ogoki River,13077,,,
St. Lawrence,13078,huc6,HUC042900,,,,,,,,0,0,,,,,,,,,St. Lawrence,13078,,,
Lake Erie,13079,huc6,HUC042600,,,,,,,,0,0,,,,,,,,,Lake Erie,13079,,,
Lake Superior,13080,huc6,HUC041800,,,,,,,,0,0,,,,,,,,,Lake Superior,13080,,,
Southeastern Lake Ontario,13081,huc6,HUC041401,,,,,,,,0,0,,,,,,,,,Southeastern Lake Ontario,13081,,,
Southern Lake Erie,13082,huc6,HUC041100,,,,,,,,0,0,,,,,,,,,Southern Lake Erie,13082,,,
Southwestern Lake Ontario,13083,huc6,HUC041300,,,,,,,,0,0,,,,,,,,,Southwestern Lake Ontario,13083,,,
Lake Ontario,13084,huc6,HUC042800,,,,,,,,0,0,,,,,,,,,Lake Ontario,13084,,,
Northeastern Lake Superior,13085,huc6,HUC041700,,,,,,,,0,0,,,,,,,,,Northeastern Lake Superior,13085,,,
Northern Lake Huron,13086,huc6,HUC042000,,,,,,,,0,0,,,,,,,,,Northern Lake Huron,13086,,,
Eastern Lake Huron,13087,huc6,HUC042300,,,,,,,,0,0,,,,,,,,,Eastern Lake Huron,13087,,,
Eastern Georgia Bay,13088,huc6,HUC042200,,,,,,,,0,0,,,,,,,,,Eastern Georgia Bay,13088,,,
Northern Lake Erie,13089,huc6,HUC042500,,,,,,,,0,0,,,,,,,,,Northern Lake Erie,13089,,,
Northern Lake Ontario,13090,huc6,HUC042701,,,,,,,,0,0,,,,,,,,,Northern Lake Ontario,13090,,,
Lake Ontario and Niagara Peninsula,13091,huc6,HUC042702,,,,,,,,0,0,,,,,,,,,Lake Ontario and Niagara Peninsula,13091,,,
Lake Champlain-Richelieu River,13092,huc6,HUC043001,,,,,,,,0,0,,,,,,,,,Lake Champlain-Richelieu River,13092,,,
Oswego,13093,huc6,HUC041402,,,,,,,,0,0,,,,,,,,,Oswego,13093,,,
Lake Huron,13094,huc6,HUC042400,,,,,,,,0,0,,,,,,,,,Lake Huron,13094,,,
Western Lake Erie,13095,huc6,HUC041000,,,,,,,,0,0,,,,,,,,,Western Lake Erie,13095,,,
Lake Michigan,13096,huc6,HUC041900,,,,,,,,0,0,,,,,,,,,Lake Michigan,13096,,,
Southeastern Lake Michigan,13097,huc6,HUC040500,,,,,,,,0,0,,,,,,,,,Southeastern Lake Michigan,13097,,,
Wabash,13098,huc6,HUC051201,,,,,,,,0,0,,,,,,,,,Wabash,13098,,,
Patoka-White,13099,huc6,HUC051202,,,,,,,,0,0,,,,,,,,,Patoka-White,13099,,,
Lower Ohio,13100,huc6,HUC051402,,,,,,,,0,0,,,,,,,,,Lower Ohio,13100,,,
Middle Ohio-Little Miami,13101,huc6,HUC050902,,,,,,,,0,0,,,,,,,,,Middle Ohio-Little Miami,13101,,,
Great Miami,13102,huc6,HUC050800,,,,,,,,0,0,,,,,,,,,Great Miami,13102,,,
Lower Ohio-Salt,13103,huc6,HUC051401,,,,,,,,0,0,,,,,,,,,Lower Ohio-Salt,13103,,,
Muskingum,13104,huc6,HUC050400,,,,,,,,0,0,,,,,,,,,Muskingum,13104,,,
Upper Ohio-Beaver,13105,huc6,HUC050301,,,,,,,,0,0,,,,,,,,,Upper Ohio-Beaver,13105,,,
Licking,13106,huc6,HUC051001,,,,,,,,0,0,,,,,,,,,Licking,13106,,,
Kentucky,13107,huc6,HUC051002,,,,,,,,0,0,,,,,,,,,Kentucky,13107,,,
Green,13108,huc6,HUC051100,,,,,,,,0,0,,,,,,,,,Green,13108,,,
Allegheny,13109,huc6,HUC050100,,,,,,,,0,0,,,,,,,,,Allegheny,13109,,,
Upper Ohio-Little Kanawha,13110,huc6,HUC050302,,,,,,,,0,0,,,,,,,,,Upper Ohio-Little Kanawha,13110,,,
Scioto,13111,huc6,HUC050600,,,,,,,,0,0,,,,,,,,,Scioto,13111,,,
Guyandotte,13112,huc6,HUC050701,,,,,,,,0,0,,,,,,,,,Guyandotte,13112,,,
Kanawha,13113,huc6,HUC050500,,,,,,,,0,0,,,,,,,,,Kanawha,13113,,,
Big Sandy,13114,huc6,HUC050702,,,,,,,,0,0,,,,,,,,,Big Sandy,13114,,,
Lower Cumberland,13115,huc6,HUC051302,,,,,,,,0,0,,,,,,,,,Lower Cumberland,13115,,,
Monongahela,13116,huc6,HUC050200,,,,,,,,0,0,,,,,,,,,Monongahela,13116,,,
Upper Cumberland,13117,huc6,HUC051301,,,,,,,,0,0,,,,,,,,,Upper Cumberland,13117,,,
Middle Ohio-Raccoon,13118,huc6,HUC050901,,,,,,,,0,0,,,,,,,,,Middle Ohio-Raccoon,13118,,,
Middle Tennessee-Elk,13119,huc6,HUC060300,,,,,,,,0,0,,,,,,,,,Middle Tennessee-Elk,13119,,,
French Broad-Holston,13120,huc6,HUC060101,,,,,,,,0,0,,,,,,,,,French Broad-Holston,13120,,,
Upper Tennessee,13121,huc6,HUC060102,,,,,,,,0,0,,,,,,,,,Upper Tennessee,13121,,,
Middle Tennessee-Hiwassee,13122,huc6,HUC060200,,,,,,,,0,0,,,,,,,,,Middle Tennessee-Hiwassee,13122,,,
Lower Tennessee,13123,huc6,HUC060400,,,,,,,,0,0,,,,,,,,,Lower Tennessee,13123,,,
Upper Mississippi-Salt,13124,huc6,HUC071100,,,,,,,,0,0,,,,,,,,,Upper Mississippi-Salt,13124,,,
Des Moines,13125,huc6,HUC071000,,,,,,,,0,0,,,,,,,,,Des Moines,13125,,,
Minnesota,13126,huc6,HUC070200,,,,,,,,0,0,,,,,,,,,Minnesota,13126,,,
Mississippi Headwaters,13127,huc6,HUC070101,,,,,,,,0,0,,,,,,,,,Mississippi Headwaters,13127,,,
Upper Illinois,13128,huc6,HUC071200,,,,,,,,0,0,,,,,,,,,Upper Illinois,13128,,,
Lower Illinois,13129,huc6,HUC071300,,,,,,,,0,0,,,,,,,,,Lower Illinois,13129,,,
Upper Mississippi-Crow-Rum,13130,huc6,HUC070102,,,,,,,,0,0,,,,,,,,,Upper Mississippi-Crow-Rum,13130,,,
Upper Mississippi-Maquoketa-Plum,13131,huc6,HUC070600,,,,,,,,0,0,,,,,,,,,Upper Mississippi-Maquoketa-Plum,13131,,,
Rock,13132,huc6,HUC070900,,,,,,,,0,0,,,,,,,,,Rock,13132,,,
Iowa,13133,huc6,HUC070802,,,,,,,,0,0,,,,,,,,,Iowa,13133,,,
Upper Mississippi-Skunk-Wapsipinicon,13134,huc6,HUC070801,,,,,,,,0,0,,,,,,,,,Upper Mississippi-Skunk-Wapsipinicon,13134,,,
Wisconsin,13135,huc6,HUC070700,,,,,,,,0,0,,,,,,,,,Wisconsin,13135,,,
Kaskaskia,13136,huc6,HUC071402,,,,,,,,0,0,,,,,,,,,Kaskaskia,13136,,,
St. Croix,13137,huc6,HUC070300,,,,,,,,0,0,,,,,,,,,St. Croix,13137,,,
Upper Mississippi-Black-Root,13138,huc6,HUC070400,,,,,,,,0,0,,,,,,,,,Upper Mississippi-Black-Root,13138,,,
Chippewa,13139,huc6,HUC070500,,,,,,,,0,0,,,,,,,,,Chippewa,13139,,,
Upper Mississippi-Meramec,13140,huc6,HUC071401,,,,,,,,0,0,,,,,,,,,Upper Mississippi-Meramec,13140,,,
Lake Pontchartrain,13141,huc6,HUC080902,,,,,,,,0,0,,,,,,,,,Lake Pontchartrain,13141,,,
Lower Grand,13142,huc6,HUC080703,,,,,,,,0,0,,,,,,,,,Lower Grand,13142,,,
Lake Maurepas,13143,huc6,HUC080702,,,,,,,,0,0,,,,,,,,,Lake Maurepas,13143,,,
Town of Madrid-Saint Johns Bayou,13144,huc6,HUC080103,,,,,,,,0,0,,,,,,,,,Town of Madrid-Saint Johns Bayou,13144,,,
Lower White,13145,huc6,HUC080203,,,,,,,,0,0,,,,,,,,,Lower White,13145,,,
Calcasieu-Mermentau,13146,huc6,HUC080802,,,,,,,,0,0,,,,,,,,,Calcasieu-Mermentau,13146,,,
Lower Red,13147,huc6,HUC080403,,,,,,,,0,0,,,,,,,,,Lower Red,13147,,,
Lower Mississippi-Memphis,13148,huc6,HUC080101,,,,,,,,0,0,,,,,,,,,Lower Mississippi-Memphis,13148,,,
Lower Mississippi-Baton Rouge,13149,huc6,HUC080701,,,,,,,,0,0,,,,,,,,,Lower Mississippi-Baton Rouge,13149,,,
Lower Mississippi-Natchez,13150,huc6,HUC080601,,,,,,,,0,0,,,,,,,,,Lower Mississippi-Natchez,13150,,,
Lower Mississippi-New Orleans,13151,huc6,HUC080901,,,,,,,,0,0,,,,,,,,,Lower Mississippi-New Orleans,13151,,,
Lower Arkansas,13152,huc6,HUC080204,,,,,,,,0,0,,,,,,,,,Lower Arkansas,13152,,,
Central Louisiana Coastal,13153,huc6,HUC080903,,,,,,,,0,0,,,,,,,,,Central Louisiana Coastal,13153,,,
Big Black-Homochitto,13154,huc6,HUC080602,,,,,,,,0,0,,,,,,,,,Big Black-Homochitto,13154,,,
Lower Mississippi-Helena,13155,huc6,HUC080201,,,,,,,,0,0,,,,,,,,,Lower Mississippi-Helena,13155,,,
Lower Mississippi-Greenville,13156,huc6,HUC080301,,,,,,,,0,0,,,,,,,,,Lower Mississippi-Greenville,13156,,,
St. Francis,13157,huc6,HUC080202,,,,,,,,0,0,,,,,,,,,St. Francis,13157,,,
Upper Ouachita,13158,huc6,HUC080401,,,,,,,,0,0,,,,,,,,,Upper Ouachita,13158,,,
Boeuf-Tensas,13159,huc6,HUC080500,,,,,,,,0,0,,,,,,,,,Boeuf-Tensas,13159,,,
Lower Ouachita,13160,huc6,HUC080402,,,,,,,,0,0,,,,,,,,,Lower Ouachita,13160,,,
Atchafalaya-Vermillion,13161,huc6,HUC080801,,,,,,,,0,0,,,,,,,,,Atchafalaya-Vermillion,13161,,,
Yazoo,13162,huc6,HUC080302,,,,,,,,0,0,,,,,,,,,Yazoo,13162,,,
Hatchie-Obion,13163,huc6,HUC080102,,,,,,,,0,0,,,,,,,,,Hatchie-Obion,13163,,,
Devils Lake-Sheyenne,13164,huc6,HUC090202,,,,,,,,0,0,,,,,,,,,Devils Lake-Sheyenne,13164,,,
Souris,13165,huc6,HUC090100,,,,,,,,0,0,,,,,,,,,Souris,13165,,,
Upper South Saskatchewan River,13166,huc6,HUC090400,,,,,,,,0,0,,,,,,,,,Upper South Saskatchewan River,13166,,,
Upper Red,13167,huc6,HUC090201,,,,,,,,0,0,,,,,,,,,Upper Red,13167,,,
Rainy,13168,huc6,HUC090300,,,,,,,,0,0,,,,,,,,,Rainy,13168,,,
Lower Red,13169,huc6,HUC090203,,,,,,,,0,0,,,,,,,,,Lower Red,13169,,,
Fort Peck Lake,13170,huc6,HUC100401,,,,,,,,0,0,,,,,,,,,Fort Peck Lake,13170,,,
Tongue,13171,huc6,HUC100901,,,,,,,,0,0,,,,,,,,,Tongue,13171,,,
Fort Randall Reservoir,13172,huc6,HUC101401,,,,,,,,0,0,,,,,,,,,Fort Randall Reservoir,13172,,,
Lower Missouri-Blackwater,13173,huc6,HUC103001,,,,,,,,0,0,,,,,,,,,Lower Missouri-Blackwater,13173,,,
Milk,13174,huc6,HUC100500,,,,,,,,0,0,,,,,,,,,Milk,13174,,,
Lake Sakakawea,13175,huc6,HUC101101,,,,,,,,0,0,,,,,,,,,Lake Sakakawea,13175,,,
Upper Missouri,13176,huc6,HUC100301,,,,,,,,0,0,,,,,,,,,Upper Missouri,13176,,,
Musselshell,13177,huc6,HUC100402,,,,,,,,0,0,,,,,,,,,Musselshell,13177,,,
Cheyenne,13178,huc6,HUC101201,,,,,,,,0,0,,,,,,,,,Cheyenne,13178,,,
Gasconade,13179,huc6,HUC102902,,,,,,,,0,0,,,,,,,,,Gasconade,13179,,,
Osage,13180,huc6,HUC102901,,,,,,,,0,0,,,,,,,,,Osage,13180,,,
Powder,13181,huc6,HUC100902,,,,,,,,0,0,,,,,,,,,Powder,13181,,,
North Platte,13182,huc6,HUC101800,,,,,,,,0,0,,,,,,,,,North Platte,13182,,,
White,13183,huc6,HUC101402,,,,,,,,0,0,,,,,,,,,White,13183,,,
Belle Fourche,13184,huc6,HUC101202,,,,,,,,0,0,,,,,,,,,Belle Fourche,13184,,,
Big Sioux,13185,huc6,HUC101702,,,,,,,,0,0,,,,,,,,,Big Sioux,13185,,,
Big Blue,13186,huc6,HUC102702,,,,,,,,0,0,,,,,,,,,Big Blue,13186,,,
Middle Platte,13187,huc6,HUC102001,,,,,,,,0,0,,,,,,,,,Middle Platte,13187,,,
Missouri-Little Sioux,13188,huc6,HUC102300,,,,,,,,0,0,,,,,,,,,Missouri-Little Sioux,13188,,,
Republican,13189,huc6,HUC102500,,,,,,,,0,0,,,,,,,,,Republican,13189,,,
South Platte,13190,huc6,HUC101900,,,,,,,,0,0,,,,,,,,,South Platte,13190,,,
Kansas,13191,huc6,HUC102701,,,,,,,,0,0,,,,,,,,,Kansas,13191,,,
Missouri-Nishnabotna,13192,huc6,HUC102400,,,,,,,,0,0,,,,,,,,,Missouri-Nishnabotna,13192,,,
Cannonball-Heart-Knife,13193,huc6,HUC101302,,,,,,,,0,0,,,,,,,,,Cannonball-Heart-Knife,13193,,,
Missouri Headwaters,13194,huc6,HUC100200,,,,,,,,0,0,,,,,,,,,Missouri Headwaters,13194,,,
Missouri-Poplar,13195,huc6,HUC100600,,,,,,,,0,0,,,,,,,,,Missouri-Poplar,13195,,,
Little Missouri,13196,huc6,HUC101102,,,,,,,,0,0,,,,,,,,,Little Missouri,13196,,,
Grand-Moreau,13197,huc6,HUC101303,,,,,,,,0,0,,,,,,,,,Grand-Moreau,13197,,,
James,13198,huc6,HUC101600,,,,,,,,0,0,,,,,,,,,James,13198,,,
Upper Yellowstone,13199,huc6,HUC100700,,,,,,,,0,0,,,,,,,,,Upper Yellowstone,13199,,,
Big Horn,13200,huc6,HUC100800,,,,,,,,0,0,,,,,,,,,Big Horn,13200,,,
Lewis and Clark Lake,13201,huc6,HUC101701,,,,,,,,0,0,,,,,,,,,Lewis and Clark Lake,13201,,,
Niobrara,13202,huc6,HUC101500,,,,,,,,0,0,,,,,,,,,Niobrara,13202,,,
Lake Oahe,13203,huc6,HUC101301,,,,,,,,0,0,,,,,,,,,Lake Oahe,13203,,,
Loup,13204,huc6,HUC102100,,,,,,,,0,0,,,,,,,,,Loup,13204,,,
Elkhorn,13205,huc6,HUC102200,,,,,,,,0,0,,,,,,,,,Elkhorn,13205,,,
Chariton,13206,huc6,HUC102802,,,,,,,,0,0,,,,,,,,,Chariton,13206,,,
Lower Platte,13207,huc6,HUC102002,,,,,,,,0,0,,,,,,,,,Lower Platte,13207,,,
Lower Yellowstone,13208,huc6,HUC101000,,,,,,,,0,0,,,,,,,,,Lower Yellowstone,13208,,,
Marias,13209,huc6,HUC100302,,,,,,,,0,0,,,,,,,,,Marias,13209,,,
Grand,13210,huc6,HUC102801,,,,,,,,0,0,,,,,,,,,Grand,13210,,,
Smoky Hill,13211,huc6,HUC102600,,,,,,,,0,0,,,,,,,,,Smoky Hill,13211,,,
Lower Missouri,13212,huc6,HUC103002,,,,,,,,0,0,,,,,,,,,Lower Missouri,13212,,,
Lower Beaver,13213,huc6,HUC111002,,,,,,,,0,0,,,,,,,,,Lower Beaver,13213,,,
Arkansas-Keystone,13214,huc6,HUC110600,,,,,,,,0,0,,,,,,,,,Arkansas-Keystone,13214,,,
Lower Cimarron,13215,huc6,HUC110500,,,,,,,,0,0,,,,,,,,,Lower Cimarron,13215,,,
Lower North Canadian,13216,huc6,HUC111003,,,,,,,,0,0,,,,,,,,,Lower North Canadian,13216,,,
Middle Canadian,13217,huc6,HUC110901,,,,,,,,0,0,,,,,,,,,Middle Canadian,13217,,,
Upper Beaver,13218,huc6,HUC111001,,,,,,,,0,0,,,,,,,,,Upper Beaver,13218,,,
Upper Cimarron,13219,huc6,HUC110400,,,,,,,,0,0,,,,,,,,,Upper Cimarron,13219,,,
Upper Arkansas,13220,huc6,HUC110200,,,,,,,,0,0,,,,,,,,,Upper Arkansas,13220,,,
Upper Canadian,13221,huc6,HUC110800,,,,,,,,0,0,,,,,,,,,Upper Canadian,13221,,,
Robert S. Kerr Reservoir,13222,huc6,HUC111101,,,,,,,,0,0,,,,,,,,,Robert S. Kerr Reservoir,13222,,,
Lower Canadian,13223,huc6,HUC110902,,,,,,,,0,0,,,,,,,,,Lower Canadian,13223,,,
North Fork Red,13224,huc6,HUC111203,,,,,,,,0,0,,,,,,,,,North Fork Red,13224,,,
Red-Little,13225,huc6,HUC111401,,,,,,,,0,0,,,,,,,,,Red-Little,13225,,,
Red-Lake Texoma,13226,huc6,HUC111302,,,,,,,,0,0,,,,,,,,,Red-Lake Texoma,13226,,,
Middle Arkansas,13227,huc6,HUC110300,,,,,,,,0,0,,,,,,,,,Middle Arkansas,13227,,,
Red-Pease,13228,huc6,HUC111301,,,,,,,,0,0,,,,,,,,,Red-Pease,13228,,,
Salt Fork Red,13229,huc6,HUC111202,,,,,,,,0,0,,,,,,,,,Salt Fork Red,13229,,,
Washita,13230,huc6,HUC111303,,,,,,,,0,0,,,,,,,,,Washita,13230,,,
Big Cypress-Sulphur,13231,huc6,HUC111403,,,,,,,,0,0,,,,,,,,,Big Cypress-Sulphur,13231,,,
Lower Arkansas-Fourche La Fave,13232,huc6,HUC111102,,,,,,,,0,0,,,,,,,,,Lower Arkansas-Fourche La Fave,13232,,,
Verdigris,13233,huc6,HUC110701,,,,,,,,0,0,,,,,,,,,Verdigris,13233,,,
Neosho,13234,huc6,HUC110702,,,,,,,,0,0,,,,,,,,,Neosho,13234,,,
Red-Saline,13235,huc6,HUC111402,,,,,,,,0,0,,,,,,,,,Red-Saline,13235,,,
Upper White,13236,huc6,HUC110100,,,,,,,,0,0,,,,,,,,,Upper White,13236,,,
Prairie Dog Town Fork Red,13237,huc6,HUC111201,,,,,,,,0,0,,,,,,,,,Prairie Dog Town Fork Red,13237,,,
San Bernard Coastal,13238,huc6,HUC120904,,,,,,,,0,0,,,,,,,,,San Bernard Coastal,13238,,,
Middle Brazos-Bosque,13239,huc6,HUC120602,,,,,,,,0,0,,,,,,,,,Middle Brazos-Bosque,13239,,,
Central Texas Coastal,13240,huc6,HUC121004,,,,,,,,0,0,,,,,,,,,Central Texas Coastal,13240,,,
Lower Brazos,13241,huc6,HUC120701,,,,,,,,0,0,,,,,,,,,Lower Brazos,13241,,,
Southwestern Texas Coastal,13242,huc6,HUC121102,,,,,,,,0,0,,,,,,,,,Southwestern Texas Coastal,13242,,,
Galveston Bay-Sabine Lake,13243,huc6,HUC120402,,,,,,,,0,0,,,,,,,,,Galveston Bay-Sabine Lake,13243,,,
Middle Colorado-Concho,13244,huc6,HUC120901,,,,,,,,0,0,,,,,,,,,Middle Colorado-Concho,13244,,,
Sabine,13245,huc6,HUC120100,,,,,,,,0,0,,,,,,,,,Sabine,13245,,,
Upper Trinity,13246,huc6,HUC120301,,,,,,,,0,0,,,,,,,,,Upper Trinity,13246,,,
Brazos Headwaters,13247,huc6,HUC120500,,,,,,,,0,0,,,,,,,,,Brazos Headwaters,13247,,,
Middle Brazos-Clear Fork,13248,huc6,HUC120601,,,,,,,,0,0,,,,,,,,,Middle Brazos-Clear Fork,13248,,,
Little,13249,huc6,HUC120702,,,,,,,,0,0,,,,,,,,,Little,13249,,,
Middle Colorado-Llano,13250,huc6,HUC120902,,,,,,,,0,0,,,,,,,,,Middle Colorado-Llano,13250,,,
Guadalupe,13251,huc6,HUC121002,,,,,,,,0,0,,,,,,,,,Guadalupe,13251,,,
Nueces,13252,huc6,HUC121101,,,,,,,,0,0,,,,,,,,,Nueces,13252,,,
Lavaca,13253,huc6,HUC121001,,,,,,,,0,0,,,,,,,,,Lavaca,13253,,,
Neches,13254,huc6,HUC120200,,,,,,,,0,0,,,,,,,,,Neches,13254,,,
Lower Trinity,13255,huc6,HUC120302,,,,,,,,0,0,,,,,,,,,Lower Trinity,13255,,,
San Jacinto,13256,huc6,HUC120401,,,,,,,,0,0,,,,,,,,,San Jacinto,13256,,,
Upper Colorado,13257,huc6,HUC120800,,,,,,,,0,0,,,,,,,,,Upper Colorado,13257,,,
San Antonio,13258,huc6,HUC121003,,,,,,,,0,0,,,,,,,,,San Antonio,13258,,,
Lower Colorado,13259,huc6,HUC120903,,,,,,,,0,0,,,,,,,,,Lower Colorado,13259,,,
Rio Grande Headwaters,13260,huc6,HUC130100,,,,,,,,0,0,,,,,,,,,Rio Grande Headwaters,13260,,,
Rio Grande-Caballo,13261,huc6,HUC130301,,,,,,,,0,0,,,,,,,,,Rio Grande-Caballo,13261,,,
Rio Conchos,13262,huc6,HUC131000,,,,,,,,0,0,,,,,,,,,Rio Conchos,13262,,,
Rio Salado,13263,huc6,HUC131100,,,,,,,,0,0,,,,,,,,,Rio Salado,13263,,,
Rio San Juan,13264,huc6,HUC131200,,,,,,,,0,0,,,,,,,,,Rio San Juan,13264,,,
Lower Rio Grande,13265,huc6,HUC130900,,,,,,,,0,0,,,,,,,,,Lower Rio Grande,13265,,,
Rio Grande-Fort Quitman,13266,huc6,HUC130401,,,,,,,,0,0,,,,,,,,,Rio Grande-Fort Quitman,13266,,,
Devils,13267,huc6,HUC130403,,,,,,,,0,0,,,,,,,,,Devils,13267,,,
Upper Rio Grande,13268,huc6,HUC130201,,,,,,,,0,0,,,,,,,,,Upper Rio Grande,13268,,,
Upper Pecos,13269,huc6,HUC130600,,,,,,,,0,0,,,,,,,,,Upper Pecos,13269,,,
Mimbres,13270,huc6,HUC130302,,,,,,,,0,0,,,,,,,,,Mimbres,13270,,,
Rio Grande-Elephant Butte,13271,huc6,HUC130202,,,,,,,,0,0,,,,,,,,,Rio Grande-Elephant Butte,13271,,,
Rio Grande-Amistad,13272,huc6,HUC130402,,,,,,,,0,0,,,,,,,,,Rio Grande-Amistad,13272,,,
Rio Grande-Falcon,13273,huc6,HUC130800,,,,,,,,0,0,,,,,,,,,Rio Grande-Falcon,13273,,,
Rio Grande Closed Basins,13274,huc6,HUC130500,,,,,,,,0,0,,,,,,,,,Rio Grande Closed Basins,13274,,,
Lower Pecos,13275,huc6,HUC130700,,,,,,,,0,0,,,,,,,,,Lower Pecos,13275,,,
Lower Green,13276,huc6,HUC140600,,,,,,,,0,0,,,,,,,,,Lower Green,13276,,,
Upper San Juan,13277,huc6,HUC140801,,,,,,,,0,0,,,,,,,,,Upper San Juan,13277,,,
Great Divide Closed Basin,13278,huc6,HUC140402,,,,,,,,0,0,,,,,,,,,Great Divide Closed Basin,13278,,,
Upper Colorado-Dirty Devil,13279,huc6,HUC140700,,,,,,,,0,0,,,,,,,,,Upper Colorado-Dirty Devil,13279,,,
Upper Green,13280,huc6,HUC140401,,,,,,,,0,0,,,,,,,,,Upper Green,13280,,,
Gunnison,13281,huc6,HUC140200,,,,,,,,0,0,,,,,,,,,Gunnison,13281,,,
Colorado Headwaters,13282,huc6,HUC140100,,,,,,,,0,0,,,,,,,,,Colorado Headwaters,13282,,,
Upper Colorado-Dolores,13283,huc6,HUC140300,,,,,,,,0,0,,,,,,,,,Upper Colorado-Dolores,13283,,,
White-Yampa,13284,huc6,HUC140500,,,,,,,,0,0,,,,,,,,,White-Yampa,13284,,,
Lower San Juan,13285,huc6,HUC140802,,,,,,,,0,0,,,,,,,,,Lower San Juan,13285,,,
Rio De La Concepcion,13286,huc6,HUC150802,,,,,,,,0,0,,,,,,,,,Rio De La Concepcion,13286,,,
Salt,13287,huc6,HUC150601,,,,,,,,0,0,,,,,,,,,Salt,13287,,,
Santa Cruz,13288,huc6,HUC150503,,,,,,,,0,0,,,,,,,,,Santa Cruz,13288,,,
Lower Gila,13289,huc6,HUC150702,,,,,,,,0,0,,,,,,,,,Lower Gila,13289,,,
Bill Williams,13290,huc6,HUC150302,,,,,,,,0,0,,,,,,,,,Bill Williams,13290,,,
Verde,13291,huc6,HUC150602,,,,,,,,0,0,,,,,,,,,Verde,13291,,,
Lower Colorado,13292,huc6,HUC150301,,,,,,,,0,0,,,,,,,,,Lower Colorado,13292,,,
Upper Gila,13293,huc6,HUC150400,,,,,,,,0,0,,,,,,,,,Upper Gila,13293,,,
Rio De Bavispe,13294,huc6,HUC150803,,,,,,,,0,0,,,,,,,,,Rio De Bavispe,13294,,,
Lower Gila-Agua Fria,13295,huc6,HUC150701,,,,,,,,0,0,,,,,,,,,Lower Gila-Agua Fria,13295,,,
Little Colorado,13296,huc6,HUC150200,,,,,,,,0,0,,,,,,,,,Little Colorado,13296,,,
Lower Colorado-Lake Mead,13297,huc6,HUC150100,,,,,,,,0,0,,,,,,,,,Lower Colorado-Lake Mead,13297,,,
Middle Gila,13298,huc6,HUC150501,,,,,,,,0,0,,,,,,,,,Middle Gila,13298,,,
San Pedro-Willcox,13299,huc6,HUC150502,,,,,,,,0,0,,,,,,,,,San Pedro-Willcox,13299,,,
Rio Sonoyta,13300,huc6,HUC150801,,,,,,,,0,0,,,,,,,,,Rio Sonoyta,13300,,,
Humboldt,13301,huc6,HUC160401,,,,,,,,0,0,,,,,,,,,Humboldt,13301,,,
Walker,13302,huc6,HUC160503,,,,,,,,0,0,,,,,,,,,Walker,13302,,,
Black Rock Desert,13303,huc6,HUC160402,,,,,,,,0,0,,,,,,,,,Black Rock Desert,13303,,,
Jordan,13304,huc6,HUC160202,,,,,,,,0,0,,,,,,,,,Jordan,13304,,,
Carson,13305,huc6,HUC160502,,,,,,,,0,0,,,,,,,,,Carson,13305,,,
Great Salt Lake,13306,huc6,HUC160203,,,,,,,,0,0,,,,,,,,,Great Salt Lake,13306,,,
Central Nevada Desert Basins,13307,huc6,HUC160600,,,,,,,,0,0,,,,,,,,,Central Nevada Desert Basins,13307,,,
Escalante Desert-Sevier Lake,13308,huc6,HUC160300,,,,,,,,0,0,,,,,,,,,Escalante Desert-Sevier Lake,13308,,,
Truckee,13309,huc6,HUC160501,,,,,,,,0,0,,,,,,,,,Truckee,13309,,,
Upper Bear,13310,huc6,HUC160101,,,,,,,,0,0,,,,,,,,,Upper Bear,13310,,,
Lower Bear,13311,huc6,HUC160102,,,,,,,,0,0,,,,,,,,,Lower Bear,13311,,,
Weber,13312,huc6,HUC160201,,,,,,,,0,0,,,,,,,,,Weber,13312,,,
Middle Snake-Powder,13313,huc6,HUC170502,,,,,,,,0,0,,,,,,,,,Middle Snake-Powder,13313,,,
Northern Oregon Coastal,13314,huc6,HUC171002,,,,,,,,0,0,,,,,,,,,Northern Oregon Coastal,13314,,,
Washington Coastal,13315,huc6,HUC171001,,,,,,,,0,0,,,,,,,,,Washington Coastal,13315,,,
Middle Columbia,13316,huc6,HUC170701,,,,,,,,0,0,,,,,,,,,Middle Columbia,13316,,,
Spokane,13317,huc6,HUC170103,,,,,,,,0,0,,,,,,,,,Spokane,13317,,,
Deschutes,13318,huc6,HUC170703,,,,,,,,0,0,,,,,,,,,Deschutes,13318,,,
Puget Sound,13319,huc6,HUC171100,,,,,,,,0,0,,,,,,,,,Puget Sound,13319,,,
Lower Columbia,13320,huc6,HUC170800,,,,,,,,0,0,,,,,,,,,Lower Columbia,13320,,,
John Day,13321,huc6,HUC170702,,,,,,,,0,0,,,,,,,,,John Day,13321,,,
Salmon,13322,huc6,HUC170602,,,,,,,,0,0,,,,,,,,,Salmon,13322,,,
Clearwater,13323,huc6,HUC170603,,,,,,,,0,0,,,,,,,,,Clearwater,13323,,,
Middle Snake-Boise,13324,huc6,HUC170501,,,,,,,,0,0,,,,,,,,,Middle Snake-Boise,13324,,,
Southern Oregon Coastal,13325,huc6,HUC171003,,,,,,,,0,0,,,,,,,,,Southern Oregon Coastal,13325,,,
Kootenai,13326,huc6,HUC170101,,,,,,,,0,0,,,,,,,,,Kootenai,13326,,,
Oregon Closed Basins,13327,huc6,HUC171200,,,,,,,,0,0,,,,,,,,,Oregon Closed Basins,13327,,,
Upper Snake,13328,huc6,HUC170402,,,,,,,,0,0,,,,,,,,,Upper Snake,13328,,,
Snake Headwaters,13329,huc6,HUC170401,,,,,,,,0,0,,,,,,,,,Snake Headwaters,13329,,,
Willamette,13330,huc6,HUC170900,,,,,,,,0,0,,,,,,,,,Willamette,13330,,,
Lower Snake,13331,huc6,HUC170601,,,,,,,,0,0,,,,,,,,,Lower Snake,13331,,,
Upper Columbia,13332,huc6,HUC170200,,,,,,,,0,0,,,,,,,,,Upper Columbia,13332,,,
Pend Oreille,13333,huc6,HUC170102,,,,,,,,0,0,,,,,,,,,Pend Oreille,13333,,,
Yakima,13334,huc6,HUC170300,,,,,,,,0,0,,,,,,,,,Yakima,13334,,,
Mono-Owens Lakes,13335,huc6,HUC180901,,,,,,,,0,0,,,,,,,,,Mono-Owens Lakes,13335,,,
Central California Coastal,13336,huc6,HUC180600,,,,,,,,0,0,,,,,,,,,Central California Coastal,13336,,,
Lower Sacramento,13337,huc6,HUC180201,,,,,,,,0,0,,,,,,,,,Lower Sacramento,13337,,,
Upper Sacramento,13338,huc6,HUC180200,,,,,,,,0,0,,,,,,,,,Upper Sacramento,13338,,,
North Lahontan,13339,huc6,HUC180800,,,,,,,,0,0,,,,,,,,,North Lahontan,13339,,,
Tulare-Buena Vista Lakes,13340,huc6,HUC180300,,,,,,,,0,0,,,,,,,,,Tulare-Buena Vista Lakes,13340,,,
San Joaquin,13341,huc6,HUC180400,,,,,,,,0,0,,,,,,,,,San Joaquin,13341,,,
Santa Ana,13342,huc6,HUC180702,,,,,,,,0,0,,,,,,,,,Santa Ana,13342,,,
Salton Sea,13343,huc6,HUC181002,,,,,,,,0,0,,,,,,,,,Salton Sea,13343,,,
Laguna-San Diego Coastal,13344,huc6,HUC180703,,,,,,,,0,0,,,,,,,,,Laguna-San Diego Coastal,13344,,,
Northern California Coastal,13345,huc6,HUC180101,,,,,,,,0,0,,,,,,,,,Northern California Coastal,13345,,,
Klamath,13346,huc6,HUC180102,,,,,,,,0,0,,,,,,,,,Klamath,13346,,,
Northern Mojave,13347,huc6,HUC180902,,,,,,,,0,0,,,,,,,,,Northern Mojave,13347,,,
Ventura-San Gabriel Coastal,13348,huc6,HUC180701,,,,,,,,0,0,,,,,,,,,Ventura-San Gabriel Coastal,13348,,,
San Francisco Bay,13349,huc6,HUC180500,,,,,,,,0,0,,,,,,,,,San Francisco Bay,13349,,,
Southern Mojave,13350,huc6,HUC181001,,,,,,,,0,0,,,,,,,,,Southern Mojave,13350,,,
Copper River,13351,huc6,HUC190201,,,USAlaska,1,,,,1,0,,,,,,,,,Copper River,13351,,,
Susitna River,13352,huc6,HUC190205,,,USAlaska,1,,,,1,0,,,,,,,,,Susitna River,13352,,,
Gulf of Alaska,13353,huc6,HUC190104,,,USAlaska,1,,,,1,0,,,,,,,,,Gulf of Alaska,13353,,,
White River-Yukon River,13354,huc6,HUC190704,,,USAlaska,1,,,,1,0,,,,,,,,,White River-Yukon River,13354,,,
Kobuk-Selawik Rivers,13355,huc6,HUC190503,,,USAlaska,1,,,,2,0,,,,,,,,,Kobuk-Selawik Rivers,13355,,,
Northern Southeast Alaska,13356,huc6,HUC190103,,,USAlaska,1,,,,1,0,,,,,,,,,Northern Southeast Alaska,13356,,,
Southern Southeast Alaska,13357,huc6,HUC190101,,,USAlaska,1,,,,1,0,,,,,,,,,Southern Southeast Alaska,13357,,,
Knik Arm,13358,huc6,HUC190204,,,USAlaska,1,,,,1,0,,,,,,,,,Knik Arm,13358,,,
Fortymile River-Yukon River,13359,huc6,HUC190705,,,USAlaska,1,,,,1,0,,,,,,,,,Fortymile River-Yukon River,13359,,,
Prince William Sound,13360,huc6,HUC190202,,,USAlaska,1,,,,1,0,,,,,,,,,Prince William Sound,13360,,,
Cook Inlet,13361,huc6,HUC190208,,,USAlaska,1,,,,1,0,,,,,,,,,Cook Inlet,13361,,,
Western Cook Inlet,13362,huc6,HUC190206,,,USAlaska,1,,,,1,0,,,,,,,,,Western Cook Inlet,13362,,,
Eastern Arctic,13363,huc6,HUC190605,,,USAlaska,1,,,,1,0,,,,,,,,,Eastern Arctic,13363,,,
Aleutian Islands,13364,huc6,HUC190301,,,USAlaska,1,,,,1,0,,,,,,,,,Aleutian Islands,13364,,,
Barrow Alaska,13365,huc6,HUC190602,,,USAlaska,1,,,,1,0,,,,,,,,,Barrow Alaska,13365,,,
Icy Strait-Chatham Strait,13366,huc6,HUC190105,,,USAlaska,1,,,,1,0,,,,,,,,,Icy Strait-Chatham Strait,13366,,,
Outlet Yukon River,13367,huc6,HUC190903,,,USAlaska,1,,,,1,0,,,,,,,,,Outlet Yukon River,13367,,,
Norton Sound,13368,huc6,HUC190501,,,USAlaska,1,,,,2,0,,,,,,,,,Norton Sound,13368,,,
Kenai Peninsula,13369,huc6,HUC190203,,,USAlaska,1,,,,1,0,,,,,,,,,Kenai Peninsula,13369,,,
Porcupine River,13370,huc6,HUC190801,,,USAlaska,1,,,,1,0,,,,,,,,,Porcupine River,13370,,,
Western Arctic,13371,huc6,HUC190601,,,USAlaska,1,,,,1,0,,,,,,,,,Western Arctic,13371,,,
Upper Kuskokwim River,13372,huc6,HUC190304,,,USAlaska,1,,,,1,0,,,,,,,,,Upper Kuskokwim River,13372,,,
Beaver Creek-Yukon River,13373,huc6,HUC190804,,,USAlaska,1,,,,1,0,,,,,,,,,Beaver Creek-Yukon River,13373,,,
Tanana River,13374,huc6,HUC190803,,,USAlaska,1,,,,1,0,,,,,,,,,Tanana River,13374,,,
Melozitna River-Yukon River,13375,huc6,HUC190902,,,USAlaska,1,,,,1,0,,,,,,,,,Melozitna River-Yukon River,13375,,,
Lower Kuskokwim River,13376,huc6,HUC190305,,,USAlaska,1,,,,1,0,,,,,,,,,Lower Kuskokwim River,13376,,,
Noatak River-Lisburne Peninsula,13377,huc6,HUC190504,,,USAlaska,1,,,,1,0,,,,,,,,,Noatak River-Lisburne Peninsula,13377,,,
Kodiak-Shelikof,13378,huc6,HUC190207,,,USAlaska,1,,,,1,0,,,,,,,,,Kodiak-Shelikof,13378,,,
Northern Seward Peninsula,13379,huc6,HUC190502,,,USAlaska,1,,,,1,0,,,,,,,,,Northern Seward Peninsula,13379,,,
Colville River,13380,huc6,HUC190603,,,USAlaska,1,,,,1,0,,,,,,,,,Colville River,13380,,,
Kvichak-Port Heiden,13381,huc6,HUC190302,,,USAlaska,1,,,,1,0,,,,,,,,,Kvichak-Port Heiden,13381,,,
Prudhoe Bay,13382,huc6,HUC190604,,,USAlaska,1,,,,1,0,,,,,,,,,Prudhoe Bay,13382,,,
Koyukuk River,13383,huc6,HUC190901,,,USAlaska,1,,,,1,0,,,,,,,,,Koyukuk River,13383,,,
Central Southeast Alaska,13384,huc6,HUC190102,,,USAlaska,1,,,,1,0,,,,,,,,,Central Southeast Alaska,13384,,,
Headwaters Yukon River,13385,huc6,HUC190701,,,USAlaska,1,,,,1,0,,,,,,,,,Headwaters Yukon River,13385,,,
Kotzebue Sound,13386,huc6,HUC190505,,,USAlaska,1,,,,1,0,,,,,,,,,Kotzebue Sound,13386,,,
Nushagak River,13387,huc6,HUC190303,,,USAlaska,1,,,,1,0,,,,,,,,,Nushagak River,13387,,,
Chandalar-Christian River,13388,huc6,HUC190802,,,USAlaska,1,,,,1,0,,,,,,,,,Chandalar-Christian River,13388,,,
Hawaii,13389,huc6,HUC200100,,,,,,,,0,0,,,,,,,,,Hawaii,13389,,,
Maui,13390,huc6,HUC200200,,,,,,,,0,0,,,,,,,,,Maui,13390,,,
Kahoolawe,13391,huc6,HUC200300,,,,,,,,0,0,,,,,,,,,Kahoolawe,13391,,,
Niihau,13392,huc6,HUC200800,,,,,,,,0,0,,,,,,,,,Niihau,13392,,,
Lanai,13393,huc6,HUC200400,,,,,,,,0,0,,,,,,,,,Lanai,13393,,,
Molokai,13394,huc6,HUC200500,,,,,,,,0,0,,,,,,,,,Molokai,13394,,,
Oahu,13395,huc6,HUC200600,,,,,,,,0,0,,,,,,,,,Oahu,13395,,,
Kauai,13396,huc6,HUC200700,,,,,,,,0,0,,,,,,,,,Kauai,13396,,,
Northwestern Hawaiian Islands,13397,huc6,HUC200900,,,,,,,,0,0,,,,,,,,,Northwestern Hawaiian Islands,13397,,,
Puerto Rico,13398,huc6,HUC210100,,,,,,,,0,0,,,,,,,,,Puerto Rico,13398,,,
Virgin Islands,13399,huc6,HUC210200,,,,,,,,0,0,,,,,,,,,Virgin Islands,13399,,,
American Samoa,13400,huc6,HUC220300,,,,,,,,0,0,,,,,,,,,American Samoa,13400,,,
United States Minor Outlying Islands,13401,huc6,HUC220400,,,,,,,,0,0,,,,,,,,,United States Minor Outlying Islands,13401,,,
Northern Islands Municipality,13402,huc6,HUC220202,,,,,,,,0,0,,,,,,,,,Northern Islands Municipality,13402,,,
Rota Island-Tinian Island-Saipan Island,13403,huc6,HUC220201,,,,,,,,0,0,,,,,,,,,Rota Island-Tinian Island-Saipan Island,13403,,,
Guam,13404,huc6,HUC220100,,,,,,,,0,0,,,,,,,,,Guam,13404,,,
,,,,,,,,,,,,,,,,,,,,,,,,,
,,,,,,,,,,,,,,,,,,,,,,,,,
Western United States,26000,groupadm0,USWest,westernUS,1,westernUS,5,0,0.98,1,2,1,EPSG:3857,,,,,,,,westernUS,26000,,v2024.0d,
,,,,,,,,,,,,,,,,,,,,,,,,,
"Beware, 30001 and above ids are reserved for landsat pathrows.",,,,,,,,,,,,,,,,,,,,,,,,,
,,,,,,,,,,,,,,,,,,,,,,,,,
,,,,,,,,,,,,,,,,,,,,,,,,,
,,,,,,,,,,,,,,,,,,,,,,,,,
,,,,,,,,,,,,,,,,,,,,,,,,,
,,,,,,,,,,,,,,,,,,,,,,,1600,,
